recipient_id,created_ts,receive_country,payout_method,account_masked
R00001,2026-02-07 16:17:15,KE,bank,***6312
R00002,2026-03-12 21:16:00,NG,bank,***9851
R00003,2026-03-06 15:25:27,NG,bank,***4714
R00004,2026-03-29 21:05:21,NG,bank,***9446
R00005,2026-02-04 18:10:07,NG,bank,***1053
R00006,2026-01-11 22:22:26,UG,mtn_momo,***2332
R00007,2026-03-01 07:33:27,UG,airtel_money,***3860
R00008,2026-03-04 11:59:25,UG,airtel_money,***2064
R00009,2026-02-22 22:07:43,UG,mtn_momo,***4286
R00010,2026-02-06 09:14:40,TZ,tigopesa,***4843
R00011,2026-03-11 17:04:33,UG,mtn_momo,***8251
R00012,2026-01-04 17:30:29,TZ,mpesa,***4172
R00013,2026-03-10 09:58:04,GH,bank,***7122
R00014,2026-03-16 11:26:53,GH,mtn_momo,***1515
R00015,2026-02-11 09:47:20,GH,bank,***7288
R00016,2026-01-27 11:51:39,NG,bank,***9758
R00017,2026-03-13 22:12:43,TZ,mpesa,***7240
R00018,2026-02-12 09:07:49,GH,bank,***6081
R00019,2026-02-10 08:33:45,GH,mtn_momo,***9600
R00020,2026-02-25 08:44:05,NG,bank,***5282
R00021,2026-01-14 13:16:00,GH,bank,***7507
R00022,2026-01-06 14:06:40,GH,bank,***9394
R00023,2026-03-01 21:09:07,GH,mtn_momo,***8635
R00024,2026-01-11 20:23:40,GH,bank,***6534
R00025,2026-03-19 09:09:06,GH,bank,***3747
R00026,2026-01-03 19:35:14,NG,bank,***6674
R00027,2026-03-17 09:35:55,TZ,tigopesa,***5829
R00028,2026-01-16 11:34:43,TZ,tigopesa,***2825
R00029,2026-03-11 09:25:18,UG,mtn_momo,***5366
R00030,2026-02-18 11:29:45,KE,mpesa,***9020
R00031,2026-01-26 13:31:56,NG,bank,***3118
R00032,2026-01-15 15:43:27,UG,mtn_momo,***6955
R00033,2026-01-25 16:51:02,NG,bank,***6391
R00034,2026-03-01 11:18:22,NG,bank,***9031
R00035,2026-02-20 18:21:30,NG,bank,***5731
R00036,2026-03-15 10:26:10,TZ,mpesa,***6839
R00037,2026-01-08 08:42:42,NG,bank,***4448
R00038,2026-02-08 14:28:04,NG,bank,***4302
R00039,2026-03-20 06:26:11,NG,bank,***8781
R00040,2026-03-11 14:48:10,KE,bank,***7833
R00041,2026-03-19 17:55:41,KE,mpesa,***3280
R00042,2026-03-17 22:10:29,TZ,tigopesa,***2675
R00043,2026-02-26 11:28:23,TZ,tigopesa,***9919
R00044,2026-01-09 07:33:13,KE,bank,***9808
R00045,2026-02-15 16:45:07,KE,bank,***6141
R00046,2026-01-26 18:33:58,KE,mpesa,***5103
R00047,2026-01-29 15:20:37,KE,mpesa,***5904
R00048,2026-03-28 15:40:25,KE,bank,***1187
R00049,2026-01-12 15:50:03,UG,airtel_money,***2355
R00050,2026-03-09 17:08:05,NG,bank,***2061
R00051,2026-02-12 06:18:07,UG,airtel_money,***2841
R00052,2026-02-19 07:40:46,NG,bank,***8213
R00053,2026-01-14 14:28:01,KE,bank,***2120
R00054,2026-02-22 17:47:42,KE,mpesa,***3193
R00055,2026-01-28 08:23:25,GH,mtn_momo,***8171
R00056,2026-03-27 08:32:41,GH,bank,***1762
R00057,2026-01-04 16:47:01,GH,bank,***8958
R00058,2026-02-15 14:07:14,GH,bank,***2668
R00059,2026-03-15 09:40:09,GH,mtn_momo,***4950
R00060,2026-02-18 18:28:46,GH,bank,***5866
R00061,2026-03-01 20:18:52,GH,bank,***1834
R00062,2026-02-16 19:26:03,NG,bank,***6138
R00063,2026-02-27 06:37:28,GH,bank,***3002
R00064,2026-02-21 13:26:11,UG,mtn_momo,***6945
R00065,2026-02-06 18:23:21,UG,mtn_momo,***6380
R00066,2026-01-05 21:22:56,UG,mtn_momo,***1273
R00067,2026-02-20 09:13:28,TZ,mpesa,***3864
R00068,2026-01-01 09:00:12,TZ,mpesa,***4064
R00069,2026-03-13 13:42:58,TZ,mpesa,***5140
R00070,2026-02-01 11:32:51,UG,mtn_momo,***7029
R00071,2026-01-30 08:08:30,UG,airtel_money,***9990
R00072,2026-03-22 20:21:57,KE,mpesa,***8888
R00073,2026-01-18 09:30:32,UG,mtn_momo,***7488
R00074,2026-02-19 17:52:40,UG,airtel_money,***1077
R00075,2026-01-20 19:15:17,TZ,mpesa,***3145
R00076,2026-02-05 09:00:58,TZ,tigopesa,***3314
R00077,2026-03-19 10:51:27,KE,mpesa,***9208
R00078,2026-02-18 17:43:42,KE,bank,***9826
R00079,2026-01-10 07:46:30,KE,bank,***9298
R00080,2026-01-12 10:03:51,KE,mpesa,***2165
R00081,2026-01-15 13:35:55,KE,bank,***4894
R00082,2026-02-20 14:47:51,KE,mpesa,***7119
R00083,2026-01-11 17:48:45,KE,mpesa,***6100
R00084,2026-01-14 10:30:35,KE,bank,***8589
R00085,2026-02-09 18:30:33,GH,bank,***9365
R00086,2026-03-25 09:00:10,TZ,mpesa,***5815
R00087,2026-01-03 18:31:12,TZ,tigopesa,***4003
R00088,2026-01-14 06:25:38,TZ,mpesa,***3505
R00089,2026-03-02 14:11:59,TZ,mpesa,***3890
R00090,2026-02-24 18:01:54,TZ,mpesa,***2474
R00091,2026-03-19 07:54:51,UG,airtel_money,***7679
R00092,2026-01-17 14:26:06,UG,mtn_momo,***1259
R00093,2026-01-23 10:45:39,GH,mtn_momo,***1208
R00094,2026-02-27 09:38:38,KE,mpesa,***3274
R00095,2026-03-05 15:28:44,KE,mpesa,***9412
R00096,2026-03-25 14:15:39,TZ,mpesa,***6628
R00097,2026-03-12 13:47:33,TZ,tigopesa,***7157
R00098,2026-03-31 17:00:37,UG,airtel_money,***8532
R00099,2026-02-28 08:55:16,NG,bank,***4558
R00100,2026-01-06 11:25:29,NG,bank,***5357
R00101,2026-03-11 22:38:45,GH,bank,***8634
R00102,2026-03-21 09:14:20,GH,mtn_momo,***8552
R00103,2026-03-04 18:20:34,NG,bank,***1048
R00104,2026-03-01 18:31:16,NG,bank,***6926
R00105,2026-03-03 15:09:37,NG,bank,***7863
R00106,2026-01-08 08:49:39,UG,airtel_money,***2013
R00107,2026-01-17 09:38:46,UG,airtel_money,***4200
R00108,2026-03-23 07:09:57,GH,bank,***7918
R00109,2026-01-23 14:43:39,GH,mtn_momo,***3656
R00110,2026-01-14 15:06:18,GH,mtn_momo,***2313
R00111,2026-01-12 11:59:48,TZ,tigopesa,***3657
R00112,2026-01-06 18:33:03,NG,bank,***4181
R00113,2026-01-17 21:56:02,GH,mtn_momo,***8757
R00114,2026-01-08 11:17:20,UG,airtel_money,***4125
R00115,2026-01-23 07:55:18,TZ,tigopesa,***5391
R00116,2026-01-15 06:42:51,TZ,tigopesa,***8575
R00117,2026-01-19 19:12:32,TZ,tigopesa,***8662
R00118,2026-01-26 06:26:12,NG,bank,***6555
R00119,2026-03-02 22:21:35,NG,bank,***9257
R00120,2026-02-15 11:23:07,UG,mtn_momo,***7542
R00121,2026-02-09 09:13:53,KE,mpesa,***8947
R00122,2026-03-25 18:06:36,KE,mpesa,***5763
R00123,2026-03-11 22:51:54,GH,mtn_momo,***1913
R00124,2026-01-08 11:08:12,GH,bank,***3467
R00125,2026-01-05 16:21:53,KE,bank,***3951
R00126,2026-03-15 14:20:19,KE,mpesa,***1554
R00127,2026-03-20 19:13:08,NG,bank,***5390
R00128,2026-03-07 16:49:05,KE,mpesa,***7380
R00129,2026-01-06 17:33:05,TZ,tigopesa,***5563
R00130,2026-03-17 21:10:59,KE,bank,***7893
R00131,2026-01-31 22:55:36,TZ,tigopesa,***7465
R00132,2026-03-01 22:51:11,KE,bank,***4625
R00133,2026-01-20 20:08:42,KE,mpesa,***9182
R00134,2026-03-31 19:23:25,KE,bank,***1269
R00135,2026-01-04 18:03:07,GH,mtn_momo,***6501
R00136,2026-03-15 09:04:57,NG,bank,***2857
R00137,2026-01-16 17:37:41,UG,airtel_money,***6358
R00138,2026-01-23 16:25:00,GH,mtn_momo,***4727
R00139,2026-03-15 14:38:02,TZ,tigopesa,***5005
R00140,2026-01-24 10:51:57,KE,mpesa,***4100
R00141,2026-01-09 22:07:49,TZ,tigopesa,***5371
R00142,2026-01-18 17:35:37,NG,bank,***1575
R00143,2026-01-17 21:41:31,NG,bank,***7137
R00144,2026-03-14 13:40:54,GH,mtn_momo,***5409
R00145,2026-01-03 16:10:04,UG,airtel_money,***3080
R00146,2026-02-02 15:58:02,UG,mtn_momo,***4416
R00147,2026-01-14 21:04:09,NG,bank,***4894
R00148,2026-02-12 17:37:14,TZ,mpesa,***2592
R00149,2026-02-16 08:03:42,TZ,tigopesa,***3515
R00150,2026-02-06 10:22:40,KE,mpesa,***6397
R00151,2026-02-01 15:10:59,KE,bank,***6686
R00152,2026-02-08 08:26:54,UG,airtel_money,***1377
R00153,2026-01-17 20:06:04,UG,mtn_momo,***2898
R00154,2026-03-15 07:09:56,TZ,tigopesa,***2078
R00155,2026-02-20 22:33:51,TZ,tigopesa,***8825
R00156,2026-01-01 22:01:24,NG,bank,***3739
R00157,2026-02-27 07:57:50,NG,bank,***3196
R00158,2026-03-19 14:27:38,KE,bank,***6625
R00159,2026-03-05 20:02:42,NG,bank,***3140
R00160,2026-01-04 15:51:55,NG,bank,***1009
R00161,2026-03-11 17:01:11,TZ,tigopesa,***8341
R00162,2026-01-22 20:03:35,GH,bank,***5163
R00163,2026-01-19 16:10:08,GH,bank,***6534
R00164,2026-01-19 09:48:59,GH,mtn_momo,***9790
R00165,2026-02-21 12:54:31,TZ,mpesa,***6844
R00166,2026-01-03 21:09:49,TZ,tigopesa,***2872
R00167,2026-01-21 20:46:31,GH,bank,***2599
R00168,2026-01-29 11:11:18,GH,bank,***4976
R00169,2026-02-25 15:34:35,NG,bank,***7030
R00170,2026-03-29 10:27:29,NG,bank,***9422
R00171,2026-03-15 21:02:21,NG,bank,***6065
R00172,2026-02-05 16:14:43,KE,mpesa,***9609
R00173,2026-03-04 10:14:35,KE,mpesa,***9348
R00174,2026-02-02 14:36:50,NG,bank,***9221
R00175,2026-03-10 14:48:38,TZ,tigopesa,***3447
R00176,2026-01-13 18:23:35,TZ,mpesa,***8761
R00177,2026-02-12 20:54:57,NG,bank,***6110
R00178,2026-03-31 16:20:02,NG,bank,***2028
R00179,2026-01-14 17:43:51,GH,bank,***6944
R00180,2026-03-15 09:01:56,KE,mpesa,***9244
R00181,2026-01-16 09:14:04,KE,mpesa,***2217
R00182,2026-02-18 19:53:59,KE,bank,***3137
R00183,2026-03-11 19:33:58,GH,bank,***7557
R00184,2026-02-16 07:07:17,KE,mpesa,***3449
R00185,2026-03-12 17:03:01,NG,bank,***5851
R00186,2026-01-23 09:39:34,NG,bank,***4887
R00187,2026-01-12 11:14:45,NG,bank,***8235
R00188,2026-03-29 22:49:02,TZ,tigopesa,***3109
R00189,2026-03-25 19:17:33,TZ,tigopesa,***7078
R00190,2026-02-03 16:10:04,UG,mtn_momo,***1807
R00191,2026-01-11 06:03:43,GH,bank,***9897
R00192,2026-02-03 16:27:01,NG,bank,***8459
R00193,2026-03-30 21:57:06,NG,bank,***7287
R00194,2026-01-14 15:00:39,NG,bank,***4666
R00195,2026-02-17 06:19:41,GH,bank,***3246
R00196,2026-03-01 20:36:40,GH,mtn_momo,***6412
R00197,2026-02-24 10:54:17,GH,mtn_momo,***9132
R00198,2026-02-11 06:22:43,KE,mpesa,***4264
R00199,2026-01-24 14:53:44,KE,bank,***5376
R00200,2026-03-18 09:35:04,KE,bank,***7013
R00201,2026-03-30 22:54:01,TZ,mpesa,***6910
R00202,2026-03-26 17:12:26,GH,mtn_momo,***8153
R00203,2026-01-21 11:27:37,GH,mtn_momo,***1948
R00204,2026-03-29 21:58:25,UG,mtn_momo,***6947
R00205,2026-03-20 07:29:26,KE,bank,***5241
R00206,2026-01-26 13:38:11,KE,bank,***7138
R00207,2026-03-28 10:48:46,KE,bank,***7135
R00208,2026-02-23 20:02:13,NG,bank,***4718
R00209,2026-03-29 10:33:59,KE,mpesa,***8892
R00210,2026-02-04 20:02:01,KE,bank,***4617
R00211,2026-01-02 18:33:37,TZ,mpesa,***1672
R00212,2026-03-02 12:08:42,TZ,tigopesa,***7399
R00213,2026-02-15 12:08:26,TZ,tigopesa,***3473
R00214,2026-03-15 09:24:11,TZ,tigopesa,***6025
R00215,2026-02-20 13:32:06,GH,bank,***5511
R00216,2026-01-14 06:33:58,NG,bank,***9943
R00217,2026-02-07 21:56:10,TZ,tigopesa,***4286
R00218,2026-02-09 17:54:55,TZ,tigopesa,***9382
R00219,2026-02-06 19:07:33,TZ,tigopesa,***2987
R00220,2026-03-22 07:02:29,UG,mtn_momo,***1570
R00221,2026-02-01 09:21:35,NG,bank,***7992
R00222,2026-01-01 08:58:37,UG,airtel_money,***6170
R00223,2026-02-08 14:18:26,TZ,mpesa,***2871
R00224,2026-01-22 07:58:16,TZ,tigopesa,***6886
R00225,2026-02-25 15:39:31,TZ,tigopesa,***9510
R00226,2026-03-18 21:33:59,TZ,tigopesa,***5088
R00227,2026-01-25 07:38:17,TZ,tigopesa,***3696
R00228,2026-02-20 07:22:32,TZ,tigopesa,***5791
R00229,2026-02-10 16:45:41,GH,mtn_momo,***9272
R00230,2026-03-18 14:50:21,GH,bank,***4829
R00231,2026-01-26 08:51:45,TZ,tigopesa,***7371
R00232,2026-01-19 09:52:59,TZ,mpesa,***7824
R00233,2026-03-26 15:33:28,TZ,tigopesa,***9485
R00234,2026-01-13 17:22:04,UG,airtel_money,***8308
R00235,2026-02-24 22:16:02,NG,bank,***2387
R00236,2026-01-02 15:32:22,NG,bank,***2764
R00237,2026-03-20 09:43:24,NG,bank,***9461
R00238,2026-01-26 18:03:05,NG,bank,***3325
R00239,2026-01-13 09:53:41,TZ,mpesa,***5888
R00240,2026-02-28 12:17:12,TZ,tigopesa,***3967
R00241,2026-03-30 06:27:23,GH,mtn_momo,***5626
R00242,2026-01-01 11:47:45,NG,bank,***9751
R00243,2026-03-30 13:09:57,TZ,mpesa,***4661
R00244,2026-01-17 14:04:38,TZ,mpesa,***3577
R00245,2026-01-06 12:31:47,TZ,mpesa,***5432
R00246,2026-02-19 08:51:46,GH,mtn_momo,***7410
R00247,2026-03-19 15:03:39,UG,mtn_momo,***2718
R00248,2026-01-29 21:18:12,UG,mtn_momo,***5393
R00249,2026-02-08 22:01:10,NG,bank,***5728
R00250,2026-03-13 17:59:46,UG,mtn_momo,***4311
R00251,2026-03-27 07:18:39,GH,mtn_momo,***9139
R00252,2026-01-25 22:30:15,KE,bank,***6289
R00253,2026-02-18 09:46:21,GH,mtn_momo,***7568
R00254,2026-02-28 22:43:44,GH,mtn_momo,***4581
R00255,2026-02-28 10:08:45,KE,mpesa,***9255
R00256,2026-03-17 21:51:13,KE,mpesa,***9492
R00257,2026-02-15 15:31:40,KE,bank,***7227
R00258,2026-01-26 15:03:33,KE,mpesa,***1914
R00259,2026-03-09 06:06:36,TZ,tigopesa,***1484
R00260,2026-03-06 15:22:55,UG,airtel_money,***7014
R00261,2026-01-01 17:15:08,UG,mtn_momo,***5247
R00262,2026-03-01 20:07:52,GH,mtn_momo,***7835
R00263,2026-03-29 14:36:16,GH,mtn_momo,***8340
R00264,2026-01-11 19:38:55,NG,bank,***1982
R00265,2026-01-09 17:32:51,NG,bank,***9185
R00266,2026-02-05 20:42:28,NG,bank,***6235
R00267,2026-02-11 07:42:54,KE,bank,***4503
R00268,2026-02-09 09:10:09,TZ,mpesa,***8287
R00269,2026-03-17 13:45:53,TZ,mpesa,***2320
R00270,2026-03-03 16:37:53,UG,airtel_money,***3861
R00271,2026-03-24 14:06:32,KE,bank,***2547
R00272,2026-03-15 18:24:03,KE,bank,***9393
R00273,2026-03-21 18:22:26,KE,bank,***6514
R00274,2026-03-10 20:49:42,UG,airtel_money,***2853
R00275,2026-03-09 12:37:58,UG,mtn_momo,***4487
R00276,2026-02-16 15:25:55,UG,airtel_money,***9332
R00277,2026-02-22 11:44:47,UG,airtel_money,***1200
R00278,2026-01-29 17:45:58,GH,bank,***6837
R00279,2026-03-29 12:13:54,GH,bank,***4105
R00280,2026-01-31 08:20:21,TZ,tigopesa,***8033
R00281,2026-03-03 06:37:52,TZ,mpesa,***9744
R00282,2026-03-14 12:43:22,TZ,tigopesa,***1327
R00283,2026-01-26 11:58:12,NG,bank,***7015
R00284,2026-03-04 22:59:23,NG,bank,***4730
R00285,2026-02-07 08:00:18,KE,mpesa,***7096
R00286,2026-01-11 21:09:04,TZ,tigopesa,***7851
R00287,2026-01-28 11:53:47,TZ,mpesa,***9372
R00288,2026-01-29 19:00:57,NG,bank,***7985
R00289,2026-02-23 07:04:31,NG,bank,***6787
R00290,2026-02-18 08:09:49,GH,mtn_momo,***9342
R00291,2026-01-26 13:21:13,GH,bank,***4713
R00292,2026-02-15 15:17:01,UG,airtel_money,***1867
R00293,2026-02-02 09:02:58,NG,bank,***9260
R00294,2026-03-27 10:53:05,NG,bank,***4962
R00295,2026-01-03 22:18:16,NG,bank,***5775
R00296,2026-02-05 12:08:03,GH,mtn_momo,***6149
R00297,2026-01-04 12:38:28,GH,mtn_momo,***9829
R00298,2026-02-25 22:02:09,TZ,mpesa,***8679
R00299,2026-02-23 22:59:44,UG,mtn_momo,***9012
R00300,2026-01-17 14:36:28,TZ,tigopesa,***2949
R00301,2026-02-20 16:58:22,KE,mpesa,***3443
R00302,2026-02-28 09:29:19,TZ,tigopesa,***4319
R00303,2026-03-28 11:29:12,UG,mtn_momo,***1140
R00304,2026-01-20 10:34:29,UG,mtn_momo,***3519
R00305,2026-02-14 06:21:51,KE,bank,***1463
R00306,2026-01-15 08:46:02,UG,airtel_money,***5372
R00307,2026-03-11 12:09:13,UG,mtn_momo,***7218
R00308,2026-02-23 20:36:16,UG,airtel_money,***2905
R00309,2026-02-16 18:36:52,UG,airtel_money,***2345
R00310,2026-01-12 08:44:54,GH,mtn_momo,***7228
R00311,2026-03-15 19:37:28,TZ,mpesa,***3224
R00312,2026-03-18 20:17:30,TZ,mpesa,***9360
R00313,2026-01-31 21:24:11,TZ,mpesa,***9490
R00314,2026-02-09 11:14:33,NG,bank,***7331
R00315,2026-03-22 19:17:45,KE,mpesa,***5183
R00316,2026-03-10 06:56:15,TZ,mpesa,***6011
R00317,2026-03-01 13:23:40,TZ,mpesa,***1757
R00318,2026-03-04 20:02:02,TZ,tigopesa,***2003
R00319,2026-03-15 21:28:35,TZ,tigopesa,***4377
R00320,2026-01-19 07:48:38,TZ,tigopesa,***7291
R00321,2026-01-28 07:19:18,GH,bank,***6115
R00322,2026-01-29 09:03:16,NG,bank,***1793
R00323,2026-01-28 20:42:41,KE,bank,***5084
R00324,2026-03-28 17:22:35,NG,bank,***7728
R00325,2026-03-01 07:58:59,NG,bank,***2616
R00326,2026-01-01 08:45:12,NG,bank,***2577
R00327,2026-03-10 15:15:12,NG,bank,***5984
R00328,2026-02-15 15:34:36,NG,bank,***9587
R00329,2026-02-02 17:37:33,NG,bank,***4375
R00330,2026-03-26 12:22:20,UG,airtel_money,***5926
R00331,2026-03-29 19:40:13,KE,mpesa,***8541
R00332,2026-03-14 15:37:40,KE,bank,***5523
R00333,2026-03-26 07:08:16,GH,mtn_momo,***2822
R00334,2026-03-07 07:05:05,GH,mtn_momo,***5767
R00335,2026-01-11 19:26:19,GH,bank,***3721
R00336,2026-03-20 10:37:13,UG,mtn_momo,***4314
R00337,2026-01-26 21:37:09,UG,mtn_momo,***1268
R00338,2026-02-01 11:44:44,UG,airtel_money,***7124
R00339,2026-03-09 09:25:44,NG,bank,***9476
R00340,2026-01-29 06:25:01,NG,bank,***8221
R00341,2026-03-15 10:41:11,NG,bank,***6880
R00342,2026-03-15 20:19:51,GH,mtn_momo,***9285
R00343,2026-02-06 13:55:58,GH,bank,***9592
R00344,2026-01-01 13:59:36,GH,mtn_momo,***9521
R00345,2026-01-25 06:30:06,TZ,tigopesa,***1047
R00346,2026-01-20 09:05:56,TZ,tigopesa,***2778
R00347,2026-03-28 08:01:01,TZ,tigopesa,***6268
R00348,2026-02-21 22:59:35,GH,bank,***2986
R00349,2026-03-26 18:39:23,GH,bank,***2516
R00350,2026-02-05 08:05:43,NG,bank,***2093
R00351,2026-01-21 11:12:10,NG,bank,***1703
R00352,2026-02-24 19:14:09,NG,bank,***4835
R00353,2026-02-25 18:29:54,NG,bank,***5015
R00354,2026-01-14 15:45:55,NG,bank,***1473
R00355,2026-01-28 19:26:09,UG,airtel_money,***7977
R00356,2026-03-15 10:50:45,UG,airtel_money,***2027
R00357,2026-01-04 14:30:46,NG,bank,***6676
R00358,2026-01-29 16:58:03,TZ,tigopesa,***9381
R00359,2026-03-06 12:28:25,TZ,tigopesa,***5338
R00360,2026-02-04 11:20:34,GH,mtn_momo,***7822
R00361,2026-02-27 15:38:26,NG,bank,***2906
R00362,2026-03-01 13:34:53,NG,bank,***2691
R00363,2026-01-09 15:16:45,UG,mtn_momo,***1911
R00364,2026-03-28 13:23:08,UG,airtel_money,***4094
R00365,2026-01-10 08:53:05,UG,airtel_money,***9771
R00366,2026-01-04 15:16:04,NG,bank,***7672
R00367,2026-03-08 06:33:05,KE,mpesa,***1952
R00368,2026-03-14 16:07:12,NG,bank,***6198
R00369,2026-01-19 09:04:37,GH,bank,***8796
R00370,2026-01-10 14:15:00,UG,mtn_momo,***8530
R00371,2026-03-27 11:19:09,GH,mtn_momo,***9787
R00372,2026-03-17 10:10:21,GH,bank,***3159
R00373,2026-02-18 07:52:50,TZ,mpesa,***5812
R00374,2026-02-02 08:43:39,GH,bank,***6040
R00375,2026-01-22 13:55:30,TZ,tigopesa,***5078
R00376,2026-01-10 09:46:19,NG,bank,***6446
R00377,2026-01-26 13:11:48,UG,airtel_money,***9993
R00378,2026-03-11 16:26:23,GH,bank,***3603
R00379,2026-01-21 08:12:54,UG,airtel_money,***5318
R00380,2026-01-13 10:02:39,TZ,tigopesa,***4154
R00381,2026-02-13 12:14:20,KE,mpesa,***7774
R00382,2026-01-08 08:20:47,TZ,mpesa,***7028
R00383,2026-03-15 22:34:18,NG,bank,***4252
R00384,2026-01-22 16:04:03,NG,bank,***2002
R00385,2026-02-25 08:32:50,TZ,mpesa,***7027
R00386,2026-02-04 08:52:18,UG,airtel_money,***5569
R00387,2026-01-08 10:36:45,KE,bank,***7036
R00388,2026-03-20 17:48:21,GH,mtn_momo,***5819
R00389,2026-03-26 13:27:01,NG,bank,***6077
R00390,2026-01-14 06:43:58,KE,mpesa,***9734
R00391,2026-03-22 06:36:01,GH,mtn_momo,***2131
R00392,2026-02-24 10:08:03,GH,bank,***5859
R00393,2026-02-03 10:19:16,GH,bank,***8887
R00394,2026-03-11 08:46:49,UG,airtel_money,***1792
R00395,2026-03-05 10:15:08,UG,airtel_money,***7243
R00396,2026-01-27 17:21:19,TZ,mpesa,***8951
R00397,2026-03-11 15:12:03,TZ,mpesa,***4863
R00398,2026-02-08 10:11:44,UG,mtn_momo,***3751
R00399,2026-02-07 07:09:03,UG,airtel_money,***6145
R00400,2026-01-20 22:44:01,UG,airtel_money,***3842
R00401,2026-01-17 18:51:06,KE,mpesa,***1500
R00402,2026-01-20 18:59:44,UG,airtel_money,***6693
R00403,2026-02-14 06:35:12,KE,mpesa,***4458
R00404,2026-03-13 18:40:12,KE,mpesa,***5540
R00405,2026-03-27 17:44:35,GH,bank,***2344
R00406,2026-03-04 08:26:23,NG,bank,***7132
R00407,2026-01-29 12:08:50,GH,bank,***5317
R00408,2026-02-20 08:56:57,GH,mtn_momo,***2570
R00409,2026-03-03 20:14:53,GH,mtn_momo,***9021
R00410,2026-03-29 15:33:25,NG,bank,***7956
R00411,2026-01-18 07:52:33,UG,airtel_money,***4729
R00412,2026-01-14 21:52:34,GH,mtn_momo,***6503
R00413,2026-03-03 15:31:40,GH,bank,***2067
R00414,2026-03-31 12:10:12,KE,mpesa,***2869
R00415,2026-01-31 13:50:16,GH,bank,***7372
R00416,2026-01-02 20:08:00,GH,bank,***1444
R00417,2026-01-31 16:00:26,KE,mpesa,***8117
R00418,2026-03-30 09:03:43,KE,bank,***9036
R00419,2026-01-29 07:18:16,KE,bank,***9013
R00420,2026-02-13 15:31:34,NG,bank,***6733
R00421,2026-03-29 18:00:45,TZ,tigopesa,***6941
R00422,2026-03-13 18:22:10,GH,mtn_momo,***2277
R00423,2026-02-04 08:28:07,GH,bank,***6329
R00424,2026-03-29 06:26:08,UG,mtn_momo,***8016
R00425,2026-02-18 22:29:33,UG,mtn_momo,***9280
R00426,2026-01-02 15:09:40,NG,bank,***2107
R00427,2026-03-23 08:54:51,NG,bank,***2581
R00428,2026-03-07 09:58:22,NG,bank,***6292
R00429,2026-02-12 07:16:47,TZ,mpesa,***9479
R00430,2026-03-23 08:11:54,NG,bank,***8514
R00431,2026-03-30 13:36:54,NG,bank,***1926
R00432,2026-03-02 22:39:27,NG,bank,***4093
R00433,2026-01-23 13:45:41,KE,bank,***7756
R00434,2026-01-09 22:14:33,NG,bank,***8686
R00435,2026-02-24 06:39:58,GH,bank,***6993
R00436,2026-02-04 16:47:22,KE,bank,***4322
R00437,2026-03-21 20:21:53,GH,mtn_momo,***4109
R00438,2026-02-04 21:16:34,TZ,tigopesa,***4276
R00439,2026-03-02 16:14:05,TZ,mpesa,***1649
R00440,2026-02-22 14:59:37,TZ,tigopesa,***9961
R00441,2026-03-23 12:23:00,NG,bank,***4101
R00442,2026-03-04 07:45:29,UG,airtel_money,***3597
R00443,2026-01-09 09:19:34,NG,bank,***9774
R00444,2026-03-26 21:48:15,NG,bank,***1414
R00445,2026-03-13 18:03:02,GH,mtn_momo,***2953
R00446,2026-01-12 18:38:31,GH,bank,***7674
R00447,2026-02-07 10:16:18,GH,mtn_momo,***6901
R00448,2026-03-08 11:09:14,TZ,mpesa,***8911
R00449,2026-01-15 09:20:05,UG,airtel_money,***1081
R00450,2026-03-27 19:17:46,NG,bank,***6664
R00451,2026-01-06 10:13:41,GH,mtn_momo,***2186
R00452,2026-03-30 09:31:31,GH,bank,***3828
R00453,2026-03-27 14:51:21,GH,bank,***8531
R00454,2026-01-22 16:01:31,UG,airtel_money,***8042
R00455,2026-02-18 08:30:34,UG,airtel_money,***7147
R00456,2026-01-01 16:34:55,UG,airtel_money,***4446
R00457,2026-01-05 14:14:22,GH,bank,***3181
R00458,2026-03-13 21:41:43,GH,mtn_momo,***2984
R00459,2026-03-05 07:55:40,TZ,mpesa,***2686
R00460,2026-03-11 13:51:38,TZ,tigopesa,***2545
R00461,2026-01-01 21:31:40,TZ,mpesa,***5144
R00462,2026-01-08 15:15:28,KE,bank,***1153
R00463,2026-01-14 14:32:45,KE,bank,***1796
R00464,2026-02-07 15:47:42,KE,mpesa,***6716
R00465,2026-02-17 13:14:12,KE,mpesa,***9599
R00466,2026-01-21 07:39:00,UG,mtn_momo,***3591
R00467,2026-01-26 16:16:12,UG,airtel_money,***1795
R00468,2026-02-15 07:53:34,KE,bank,***9807
R00469,2026-03-22 15:34:09,NG,bank,***3717
R00470,2026-02-03 20:07:33,GH,bank,***1659
R00471,2026-03-07 11:14:19,TZ,tigopesa,***3449
R00472,2026-01-05 15:34:44,UG,mtn_momo,***5684
R00473,2026-01-24 15:27:35,UG,mtn_momo,***6365
R00474,2026-01-27 21:19:56,KE,mpesa,***8393
R00475,2026-01-15 07:30:42,KE,bank,***5845
R00476,2026-03-25 18:09:26,TZ,tigopesa,***1425
R00477,2026-02-11 17:15:39,TZ,tigopesa,***8671
R00478,2026-03-23 20:41:02,TZ,tigopesa,***9997
R00479,2026-02-22 11:36:25,GH,mtn_momo,***7508
R00480,2026-03-23 16:50:57,TZ,mpesa,***2875
R00481,2026-02-22 10:02:00,GH,bank,***4976
R00482,2026-02-23 09:59:35,NG,bank,***2566
R00483,2026-03-26 20:43:58,NG,bank,***4628
R00484,2026-03-20 10:38:32,GH,bank,***1751
R00485,2026-02-07 11:44:32,GH,bank,***7749
R00486,2026-03-05 20:47:02,GH,mtn_momo,***5408
R00487,2026-01-20 13:28:23,TZ,mpesa,***7163
R00488,2026-01-11 10:31:56,KE,bank,***6477
R00489,2026-02-16 07:25:51,TZ,mpesa,***1979
R00490,2026-03-11 11:27:20,KE,mpesa,***9091
R00491,2026-02-07 11:45:01,KE,bank,***4013
R00492,2026-01-13 18:10:48,KE,bank,***6934
R00493,2026-03-05 10:45:58,GH,bank,***8365
R00494,2026-02-06 15:21:24,GH,mtn_momo,***2099
R00495,2026-03-22 08:47:24,GH,bank,***9136
R00496,2026-03-12 10:02:39,KE,mpesa,***2803
R00497,2026-03-19 12:03:23,UG,mtn_momo,***1087
R00498,2026-01-25 22:38:07,NG,bank,***7262
R00499,2026-02-09 16:04:53,NG,bank,***2412
R00500,2026-02-20 22:02:02,NG,bank,***7540
R00501,2026-02-20 16:30:21,GH,bank,***1800
R00502,2026-02-24 12:48:43,GH,mtn_momo,***8577
R00503,2026-01-30 22:08:05,UG,mtn_momo,***8049
R00504,2026-01-03 07:16:25,TZ,mpesa,***5986
R00505,2026-01-09 20:45:40,TZ,tigopesa,***8216
R00506,2026-03-20 19:27:54,NG,bank,***4232
R00507,2026-01-02 07:22:18,NG,bank,***2019
R00508,2026-03-29 19:18:23,GH,bank,***3639
R00509,2026-03-15 14:51:41,KE,bank,***2638
R00510,2026-02-12 16:23:31,KE,mpesa,***5642
R00511,2026-02-11 17:58:29,UG,airtel_money,***7245
R00512,2026-03-21 17:37:08,TZ,tigopesa,***6331
R00513,2026-01-09 07:29:51,NG,bank,***3758
R00514,2026-03-12 11:12:06,NG,bank,***2149
R00515,2026-01-03 19:55:46,TZ,tigopesa,***8853
R00516,2026-03-13 13:28:10,TZ,tigopesa,***1796
R00517,2026-03-21 09:03:34,TZ,mpesa,***2271
R00518,2026-01-05 11:58:08,GH,mtn_momo,***8351
R00519,2026-01-18 21:38:58,TZ,tigopesa,***6606
R00520,2026-03-22 13:59:23,UG,mtn_momo,***4372
R00521,2026-02-12 15:23:57,NG,bank,***4182
R00522,2026-02-23 10:52:07,KE,bank,***2039
R00523,2026-02-23 18:15:31,TZ,tigopesa,***5712
R00524,2026-03-15 12:06:28,UG,mtn_momo,***7209
R00525,2026-01-22 20:56:10,GH,bank,***9500
R00526,2026-03-16 06:48:12,UG,airtel_money,***6950
R00527,2026-03-25 20:00:52,UG,airtel_money,***8029
R00528,2026-02-17 09:24:07,UG,airtel_money,***5193
R00529,2026-02-09 15:37:55,UG,mtn_momo,***9832
R00530,2026-01-04 08:08:50,GH,bank,***6945
R00531,2026-01-03 16:19:59,GH,mtn_momo,***1372
R00532,2026-03-01 22:43:14,GH,bank,***8183
R00533,2026-01-23 22:35:18,UG,airtel_money,***8971
R00534,2026-01-31 06:21:17,UG,mtn_momo,***7488
R00535,2026-02-20 21:23:45,KE,mpesa,***8299
R00536,2026-01-26 19:22:28,GH,bank,***4674
R00537,2026-01-17 13:33:18,GH,mtn_momo,***3382
R00538,2026-02-09 19:45:07,UG,airtel_money,***5652
R00539,2026-03-24 12:00:22,NG,bank,***7773
R00540,2026-03-17 06:42:49,UG,airtel_money,***2493
R00541,2026-01-01 17:57:14,TZ,tigopesa,***1211
R00542,2026-03-22 15:30:03,TZ,tigopesa,***4646
R00543,2026-02-28 15:45:41,NG,bank,***8888
R00544,2026-01-10 22:02:50,UG,mtn_momo,***2607
R00545,2026-01-28 09:06:48,GH,mtn_momo,***4438
R00546,2026-01-31 17:35:40,GH,bank,***1546
R00547,2026-02-16 09:47:24,GH,mtn_momo,***5454
R00548,2026-02-26 09:24:54,GH,bank,***6832
R00549,2026-03-13 12:25:23,NG,bank,***3262
R00550,2026-03-14 13:13:47,NG,bank,***7737
R00551,2026-03-06 07:54:17,UG,airtel_money,***1329
R00552,2026-03-24 09:32:02,NG,bank,***7059
R00553,2026-01-14 22:54:58,NG,bank,***4279
R00554,2026-01-22 11:38:07,NG,bank,***5631
R00555,2026-02-24 20:57:23,UG,airtel_money,***9821
R00556,2026-01-31 13:04:58,TZ,tigopesa,***5296
R00557,2026-03-12 10:12:49,KE,mpesa,***6503
R00558,2026-03-08 18:25:54,NG,bank,***9564
R00559,2026-01-07 11:59:29,UG,mtn_momo,***3508
R00560,2026-03-25 13:53:25,UG,mtn_momo,***3604
R00561,2026-01-28 11:06:11,UG,mtn_momo,***6245
R00562,2026-01-09 21:10:44,NG,bank,***7359
R00563,2026-02-02 07:39:49,NG,bank,***3143
R00564,2026-01-29 17:20:34,UG,airtel_money,***7019
R00565,2026-01-31 08:05:54,KE,bank,***6933
R00566,2026-03-10 20:53:13,TZ,tigopesa,***1148
R00567,2026-02-07 17:10:25,TZ,tigopesa,***7479
R00568,2026-03-29 20:43:47,TZ,tigopesa,***3894
R00569,2026-02-26 15:03:20,TZ,mpesa,***7709
R00570,2026-01-08 14:03:10,TZ,mpesa,***9780
R00571,2026-01-07 13:39:21,NG,bank,***4100
R00572,2026-01-04 14:16:49,TZ,mpesa,***7429
R00573,2026-02-27 07:42:21,NG,bank,***8743
R00574,2026-01-02 08:24:47,TZ,tigopesa,***4101
R00575,2026-02-17 16:00:02,TZ,mpesa,***5788
R00576,2026-02-19 12:03:39,GH,mtn_momo,***4018
R00577,2026-02-02 14:26:14,KE,mpesa,***4812
R00578,2026-03-22 22:52:00,TZ,mpesa,***9598
R00579,2026-02-17 21:09:02,TZ,mpesa,***8705
R00580,2026-03-02 17:35:23,TZ,mpesa,***4492
R00581,2026-01-15 09:37:51,UG,mtn_momo,***3804
R00582,2026-01-03 19:10:05,UG,mtn_momo,***6824
R00583,2026-02-22 14:44:39,KE,mpesa,***2315
R00584,2026-02-11 22:10:42,NG,bank,***6808
R00585,2026-01-12 12:47:34,KE,bank,***1519
R00586,2026-03-07 07:04:08,NG,bank,***2273
R00587,2026-03-02 13:56:36,KE,mpesa,***4283
R00588,2026-01-13 11:11:15,UG,mtn_momo,***4180
R00589,2026-01-04 09:47:13,UG,airtel_money,***9739
R00590,2026-02-17 16:14:42,UG,airtel_money,***3986
R00591,2026-03-26 18:11:07,UG,mtn_momo,***6766
R00592,2026-01-27 16:29:34,TZ,mpesa,***1202
R00593,2026-03-27 08:33:03,UG,airtel_money,***2186
R00594,2026-02-17 09:46:31,UG,airtel_money,***3200
R00595,2026-01-02 09:43:54,GH,mtn_momo,***1862
R00596,2026-03-14 19:38:12,KE,bank,***8866
R00597,2026-02-17 14:59:07,GH,mtn_momo,***2138
R00598,2026-02-06 08:22:56,GH,bank,***6043
R00599,2026-01-27 14:15:03,GH,mtn_momo,***2943
R00600,2026-02-26 10:36:09,TZ,tigopesa,***2946
R00601,2026-01-11 13:51:45,GH,mtn_momo,***3242
R00602,2026-03-19 16:59:29,UG,mtn_momo,***6950
R00603,2026-03-13 06:48:37,UG,airtel_money,***1784
R00604,2026-02-11 16:54:57,GH,mtn_momo,***2061
R00605,2026-02-16 14:42:57,NG,bank,***7013
R00606,2026-03-28 14:12:58,GH,bank,***5393
R00607,2026-03-24 13:34:50,TZ,tigopesa,***6761
R00608,2026-02-05 10:47:04,TZ,tigopesa,***8424
R00609,2026-02-04 17:50:35,TZ,tigopesa,***1435
R00610,2026-01-24 15:37:27,TZ,mpesa,***8646
R00611,2026-02-05 09:40:00,UG,airtel_money,***6588
R00612,2026-02-12 22:37:08,UG,airtel_money,***7889
R00613,2026-01-27 17:59:44,TZ,mpesa,***2503
R00614,2026-03-28 13:29:52,TZ,mpesa,***6564
R00615,2026-03-04 09:53:04,GH,bank,***7834
R00616,2026-03-08 22:55:41,KE,bank,***4809
R00617,2026-03-13 08:24:38,KE,mpesa,***9280
R00618,2026-02-15 11:52:23,KE,mpesa,***9454
R00619,2026-03-13 09:58:46,UG,mtn_momo,***3218
R00620,2026-03-01 08:53:23,UG,mtn_momo,***4898
R00621,2026-02-08 07:50:38,KE,bank,***8627
R00622,2026-03-23 10:30:19,NG,bank,***9864
R00623,2026-03-16 17:37:17,NG,bank,***3748
R00624,2026-01-27 21:26:03,TZ,mpesa,***6449
R00625,2026-02-11 07:43:24,TZ,mpesa,***7673
R00626,2026-01-18 16:30:16,TZ,mpesa,***5580
R00627,2026-03-11 20:29:26,UG,mtn_momo,***5529
R00628,2026-02-12 15:09:07,KE,bank,***9690
R00629,2026-03-12 06:58:17,KE,mpesa,***9538
R00630,2026-01-28 20:58:54,GH,bank,***9757
R00631,2026-02-02 21:23:34,GH,mtn_momo,***8243
R00632,2026-02-24 21:10:59,UG,mtn_momo,***8825
R00633,2026-03-14 12:28:32,UG,airtel_money,***7112
R00634,2026-03-15 12:18:46,KE,bank,***3351
R00635,2026-01-17 06:17:50,NG,bank,***5591
R00636,2026-03-04 13:15:43,NG,bank,***3800
R00637,2026-02-05 22:12:36,UG,mtn_momo,***1982
R00638,2026-03-28 13:05:30,KE,bank,***6508
R00639,2026-01-17 18:23:00,GH,bank,***3778
R00640,2026-03-29 17:15:05,GH,mtn_momo,***3487
R00641,2026-01-16 13:28:47,UG,mtn_momo,***5537
R00642,2026-02-13 19:47:11,UG,mtn_momo,***5835
R00643,2026-03-22 08:50:22,GH,bank,***4439
R00644,2026-03-10 17:38:00,GH,bank,***2490
R00645,2026-03-16 07:33:50,GH,bank,***4333
R00646,2026-01-04 11:14:56,GH,bank,***7402
R00647,2026-03-21 14:04:46,GH,mtn_momo,***7521
R00648,2026-02-06 20:24:30,GH,bank,***6644
R00649,2026-03-12 15:55:40,GH,bank,***3387
R00650,2026-01-14 06:44:27,TZ,tigopesa,***8944
R00651,2026-02-18 07:03:07,TZ,mpesa,***3059
R00652,2026-01-31 22:51:20,UG,airtel_money,***7620
R00653,2026-01-23 16:11:43,NG,bank,***3175
R00654,2026-01-27 21:46:12,TZ,tigopesa,***6669
R00655,2026-03-14 15:56:26,TZ,tigopesa,***7487
R00656,2026-01-19 19:08:49,KE,mpesa,***2912
R00657,2026-01-02 12:50:06,NG,bank,***7605
R00658,2026-02-21 08:25:51,GH,bank,***2747
R00659,2026-02-18 13:59:41,TZ,tigopesa,***9322
R00660,2026-01-28 13:03:04,KE,mpesa,***8365
R00661,2026-01-25 16:10:34,GH,mtn_momo,***2754
R00662,2026-03-08 20:40:21,KE,bank,***1440
R00663,2026-03-17 12:06:40,TZ,tigopesa,***3324
R00664,2026-03-14 14:00:02,NG,bank,***2532
R00665,2026-02-26 22:35:03,UG,mtn_momo,***2372
R00666,2026-01-24 12:21:23,KE,mpesa,***4821
R00667,2026-03-31 19:50:27,KE,bank,***9171
R00668,2026-01-31 07:21:22,UG,airtel_money,***8530
R00669,2026-02-25 17:25:15,TZ,mpesa,***2721
R00670,2026-01-05 13:34:41,UG,mtn_momo,***3645
R00671,2026-03-27 22:47:21,UG,mtn_momo,***9882
R00672,2026-02-01 21:55:24,TZ,mpesa,***3578
R00673,2026-02-24 09:29:22,TZ,tigopesa,***9420
R00674,2026-01-08 20:33:58,UG,mtn_momo,***8787
R00675,2026-01-05 14:55:54,GH,bank,***9132
R00676,2026-01-15 18:48:07,KE,bank,***3481
R00677,2026-02-21 19:34:55,KE,mpesa,***1428
R00678,2026-03-28 11:50:26,UG,airtel_money,***4942
R00679,2026-03-19 14:26:21,NG,bank,***7760
R00680,2026-02-18 20:11:32,NG,bank,***1525
R00681,2026-01-09 09:08:39,NG,bank,***4953
R00682,2026-02-02 07:49:20,UG,airtel_money,***8303
R00683,2026-03-10 21:53:52,UG,airtel_money,***3800
R00684,2026-01-15 21:16:40,KE,bank,***1775
R00685,2026-03-25 22:00:56,KE,bank,***7355
R00686,2026-01-26 15:29:35,KE,bank,***5977
R00687,2026-02-14 17:27:57,KE,mpesa,***1741
R00688,2026-02-25 06:51:04,KE,mpesa,***2814
R00689,2026-03-23 18:36:53,UG,mtn_momo,***7995
R00690,2026-03-30 16:23:59,UG,mtn_momo,***1249
R00691,2026-01-20 08:23:30,UG,mtn_momo,***6140
R00692,2026-01-31 19:00:24,GH,bank,***5530
R00693,2026-03-22 12:25:08,NG,bank,***6120
R00694,2026-02-27 19:52:40,NG,bank,***3939
R00695,2026-01-21 16:15:02,TZ,mpesa,***4942
R00696,2026-02-16 12:58:38,TZ,mpesa,***1863
R00697,2026-01-13 14:34:57,UG,mtn_momo,***8024
R00698,2026-02-18 07:19:34,TZ,tigopesa,***1518
R00699,2026-03-03 08:06:53,UG,airtel_money,***3802
R00700,2026-01-17 10:58:51,TZ,mpesa,***2131
R00701,2026-01-13 22:21:44,UG,mtn_momo,***3297
R00702,2026-01-08 09:39:33,GH,bank,***8834
R00703,2026-02-04 10:14:18,KE,mpesa,***8360
R00704,2026-01-15 09:01:32,NG,bank,***9105
R00705,2026-01-16 22:42:15,GH,mtn_momo,***7332
R00706,2026-03-25 09:11:10,GH,mtn_momo,***9616
R00707,2026-03-22 15:53:31,GH,mtn_momo,***8699
R00708,2026-02-05 20:10:58,KE,bank,***7397
R00709,2026-02-15 22:22:48,KE,bank,***2890
R00710,2026-01-08 08:07:31,KE,mpesa,***9941
R00711,2026-02-08 07:20:29,KE,mpesa,***8927
R00712,2026-01-28 16:41:10,KE,mpesa,***5596
R00713,2026-01-31 15:00:33,GH,bank,***8350
R00714,2026-02-09 18:11:52,GH,bank,***4756
R00715,2026-01-02 07:38:42,GH,mtn_momo,***1967
R00716,2026-01-02 18:43:51,GH,bank,***3850
R00717,2026-03-01 18:53:19,GH,bank,***2703
R00718,2026-03-23 11:29:29,GH,bank,***7663
R00719,2026-03-05 11:47:36,TZ,mpesa,***4764
R00720,2026-03-31 08:25:07,KE,bank,***8718
R00721,2026-01-06 10:51:22,KE,mpesa,***7161
R00722,2026-01-01 08:56:38,KE,bank,***9047
R00723,2026-02-10 10:45:21,NG,bank,***4275
R00724,2026-02-03 12:16:45,KE,bank,***6054
R00725,2026-01-26 13:28:14,KE,bank,***7093
R00726,2026-03-02 11:19:48,GH,mtn_momo,***4488
R00727,2026-01-02 11:20:20,UG,mtn_momo,***7635
R00728,2026-01-27 07:43:23,UG,airtel_money,***4022
R00729,2026-02-27 14:22:42,UG,mtn_momo,***1850
R00730,2026-02-01 22:09:27,UG,mtn_momo,***5675
R00731,2026-01-31 11:34:31,KE,bank,***5681
R00732,2026-03-12 12:05:22,GH,bank,***2015
R00733,2026-01-07 19:31:02,GH,mtn_momo,***5769
R00734,2026-01-11 13:33:24,TZ,mpesa,***3606
R00735,2026-01-03 09:54:40,KE,mpesa,***4640
R00736,2026-03-24 11:51:35,KE,mpesa,***8463
R00737,2026-03-28 19:25:21,GH,mtn_momo,***8790
R00738,2026-01-07 15:49:04,GH,bank,***3651
R00739,2026-01-16 08:05:41,GH,mtn_momo,***5614
R00740,2026-01-21 11:26:07,GH,mtn_momo,***8401
R00741,2026-03-15 21:35:56,GH,bank,***4332
R00742,2026-03-02 16:51:03,GH,mtn_momo,***7513
R00743,2026-02-16 13:41:37,GH,bank,***5539
R00744,2026-01-18 07:35:36,TZ,tigopesa,***2663
R00745,2026-01-31 18:18:53,GH,mtn_momo,***7896
R00746,2026-03-16 18:20:54,UG,airtel_money,***2951
R00747,2026-03-03 09:24:27,UG,mtn_momo,***4058
R00748,2026-02-27 07:54:41,NG,bank,***8556
R00749,2026-01-06 06:02:17,NG,bank,***7392
R00750,2026-01-05 22:58:12,NG,bank,***2557
R00751,2026-03-09 18:43:36,TZ,tigopesa,***8961
R00752,2026-02-21 20:09:52,TZ,mpesa,***6457
R00753,2026-03-11 09:11:29,TZ,mpesa,***6281
R00754,2026-01-29 10:56:34,TZ,tigopesa,***4398
R00755,2026-02-02 16:35:37,TZ,tigopesa,***8555
R00756,2026-02-20 16:48:45,TZ,mpesa,***7672
R00757,2026-03-16 12:55:48,KE,mpesa,***6228
R00758,2026-03-11 14:52:53,TZ,tigopesa,***4903
R00759,2026-01-22 13:32:56,GH,mtn_momo,***5984
R00760,2026-03-12 15:11:01,GH,bank,***2224
R00761,2026-02-14 09:04:51,NG,bank,***4064
R00762,2026-01-23 10:10:26,NG,bank,***3514
R00763,2026-01-04 14:14:56,NG,bank,***7446
R00764,2026-03-26 14:04:53,TZ,tigopesa,***6072
R00765,2026-03-07 22:15:43,UG,mtn_momo,***8470
R00766,2026-02-09 14:32:19,KE,mpesa,***8863
R00767,2026-03-27 22:48:10,KE,mpesa,***7125
R00768,2026-02-11 11:15:37,KE,mpesa,***9224
R00769,2026-02-19 10:19:29,TZ,tigopesa,***5392
R00770,2026-03-22 12:52:27,TZ,mpesa,***4452
R00771,2026-02-19 14:28:21,NG,bank,***2491
R00772,2026-01-08 22:59:02,NG,bank,***4743
R00773,2026-02-16 21:53:24,KE,mpesa,***4928
R00774,2026-01-10 10:03:10,KE,bank,***1646
R00775,2026-03-07 17:12:21,KE,mpesa,***8862
R00776,2026-02-02 21:39:11,KE,bank,***3429
R00777,2026-01-31 22:24:12,NG,bank,***8224
R00778,2026-03-03 10:55:03,NG,bank,***2742
R00779,2026-02-25 14:42:52,NG,bank,***1751
R00780,2026-01-29 19:15:50,NG,bank,***9456
R00781,2026-03-03 20:48:07,NG,bank,***6609
R00782,2026-02-14 16:00:19,GH,bank,***7318
R00783,2026-01-08 15:18:56,KE,bank,***6363
R00784,2026-03-06 20:01:34,UG,mtn_momo,***1780
R00785,2026-01-19 10:23:38,UG,airtel_money,***9981
R00786,2026-01-08 12:45:00,NG,bank,***7073
R00787,2026-01-05 20:13:54,TZ,mpesa,***5834
R00788,2026-01-29 14:44:26,TZ,tigopesa,***5083
R00789,2026-03-06 13:27:02,TZ,mpesa,***5846
R00790,2026-01-08 19:51:45,GH,mtn_momo,***8129
R00791,2026-03-19 19:03:42,GH,bank,***1830
R00792,2026-02-18 13:55:26,KE,bank,***1584
R00793,2026-01-24 19:39:23,NG,bank,***9007
R00794,2026-03-25 14:32:42,KE,mpesa,***3124
R00795,2026-02-02 13:03:09,TZ,mpesa,***6139
R00796,2026-02-10 22:00:41,NG,bank,***9887
R00797,2026-03-14 22:35:16,NG,bank,***9503
R00798,2026-01-01 18:07:04,KE,bank,***9455
R00799,2026-03-01 16:54:29,NG,bank,***1803
R00800,2026-02-18 13:17:31,GH,mtn_momo,***3578
R00801,2026-01-08 14:06:33,GH,bank,***4235
R00802,2026-01-29 16:56:43,GH,bank,***4163
R00803,2026-03-22 07:02:58,UG,airtel_money,***6184
R00804,2026-01-24 17:06:11,UG,airtel_money,***5229
R00805,2026-01-29 21:27:29,UG,mtn_momo,***2192
R00806,2026-03-29 11:45:10,GH,bank,***1218
R00807,2026-02-15 10:37:03,GH,bank,***6615
R00808,2026-02-22 12:27:53,GH,bank,***9135
R00809,2026-01-18 13:56:13,UG,mtn_momo,***7738
R00810,2026-03-14 22:52:59,NG,bank,***2374
R00811,2026-02-17 19:55:54,NG,bank,***3821
R00812,2026-03-23 15:47:08,NG,bank,***2328
R00813,2026-01-27 13:40:54,GH,bank,***9281
R00814,2026-03-07 15:44:55,GH,mtn_momo,***4116
R00815,2026-01-25 08:56:07,KE,mpesa,***4675
R00816,2026-02-14 17:47:10,KE,bank,***7203
R00817,2026-01-11 17:48:42,KE,bank,***8074
R00818,2026-02-13 17:15:05,UG,airtel_money,***6996
R00819,2026-02-18 21:44:04,KE,mpesa,***1097
R00820,2026-01-23 14:39:28,UG,mtn_momo,***4036
R00821,2026-02-26 11:24:08,KE,mpesa,***2557
R00822,2026-02-23 18:51:14,KE,mpesa,***4417
R00823,2026-03-04 21:29:10,GH,bank,***4611
R00824,2026-03-19 18:23:40,TZ,mpesa,***8461
R00825,2026-03-06 08:49:34,KE,mpesa,***6114
R00826,2026-03-27 19:58:52,KE,mpesa,***4598
R00827,2026-02-18 20:09:14,KE,mpesa,***8875
R00828,2026-03-24 16:39:06,NG,bank,***8415
R00829,2026-02-12 09:59:06,TZ,tigopesa,***3366
R00830,2026-02-01 08:16:50,TZ,tigopesa,***9554
R00831,2026-02-20 14:33:45,GH,mtn_momo,***9336
R00832,2026-02-13 15:24:34,KE,bank,***7778
R00833,2026-03-15 19:00:54,NG,bank,***5894
R00834,2026-03-15 11:56:57,TZ,tigopesa,***8796
R00835,2026-02-16 12:30:07,NG,bank,***6074
R00836,2026-03-16 07:44:08,GH,mtn_momo,***4441
R00837,2026-03-07 08:23:46,NG,bank,***7545
R00838,2026-01-31 13:24:09,NG,bank,***1541
R00839,2026-03-30 19:44:30,KE,mpesa,***5692
R00840,2026-03-24 20:18:30,KE,bank,***5842
R00841,2026-03-07 07:12:11,KE,bank,***2169
R00842,2026-02-15 16:07:09,KE,bank,***8630
R00843,2026-03-07 11:33:58,UG,mtn_momo,***9772
R00844,2026-03-19 15:52:26,UG,mtn_momo,***3521
R00845,2026-01-23 17:06:21,UG,mtn_momo,***3767
R00846,2026-03-19 08:18:57,KE,mpesa,***1129
R00847,2026-03-02 20:28:12,TZ,tigopesa,***6453
R00848,2026-03-02 22:53:12,KE,bank,***4083
R00849,2026-01-28 07:41:50,UG,mtn_momo,***4409
R00850,2026-01-01 08:39:01,UG,airtel_money,***3954
R00851,2026-01-02 11:38:26,UG,airtel_money,***8391
R00852,2026-03-12 11:33:51,NG,bank,***5646
R00853,2026-02-09 22:39:02,NG,bank,***4083
R00854,2026-02-27 13:29:40,TZ,tigopesa,***6234
R00855,2026-03-05 18:40:35,TZ,mpesa,***7241
R00856,2026-02-03 07:49:02,KE,mpesa,***6386
R00857,2026-01-09 15:08:18,KE,mpesa,***4955
R00858,2026-03-25 10:02:21,NG,bank,***9532
R00859,2026-02-15 10:55:51,GH,mtn_momo,***3563
R00860,2026-02-28 14:23:53,TZ,mpesa,***8541
R00861,2026-03-31 06:04:52,NG,bank,***9122
R00862,2026-01-17 06:22:16,UG,mtn_momo,***3918
R00863,2026-03-07 21:18:15,NG,bank,***4422
R00864,2026-01-20 11:38:29,TZ,mpesa,***9213
R00865,2026-02-05 15:41:12,TZ,tigopesa,***7958
R00866,2026-03-23 12:13:55,TZ,tigopesa,***4265
R00867,2026-02-14 22:16:56,KE,mpesa,***4912
R00868,2026-03-22 07:48:21,KE,bank,***8221
R00869,2026-02-23 20:48:45,NG,bank,***2539
R00870,2026-02-23 14:47:00,GH,bank,***2157
R00871,2026-02-01 08:33:13,GH,bank,***8257
R00872,2026-03-11 19:33:20,TZ,tigopesa,***6575
R00873,2026-03-18 13:14:56,TZ,tigopesa,***4091
R00874,2026-01-22 16:48:04,UG,airtel_money,***4246
R00875,2026-03-11 16:51:32,KE,bank,***9184
R00876,2026-03-21 10:57:18,KE,mpesa,***5608
R00877,2026-03-04 21:43:07,UG,mtn_momo,***6947
R00878,2026-02-10 17:07:34,UG,airtel_money,***2871
R00879,2026-01-19 16:36:45,UG,airtel_money,***6990
R00880,2026-02-26 08:02:37,NG,bank,***2738
R00881,2026-03-19 13:07:32,TZ,tigopesa,***9612
R00882,2026-01-17 14:26:08,TZ,mpesa,***4496
R00883,2026-02-21 11:15:56,KE,mpesa,***2215
R00884,2026-03-21 16:21:39,TZ,mpesa,***8155
R00885,2026-01-07 12:01:49,UG,mtn_momo,***1834
R00886,2026-03-18 16:55:54,UG,airtel_money,***1932
R00887,2026-03-04 09:20:02,NG,bank,***2640
R00888,2026-01-19 06:14:29,NG,bank,***7118
R00889,2026-01-12 13:46:56,NG,bank,***2530
R00890,2026-02-08 19:29:58,NG,bank,***4121
R00891,2026-03-30 14:39:04,NG,bank,***1202
R00892,2026-02-12 18:49:14,NG,bank,***3558
R00893,2026-01-04 17:22:46,NG,bank,***6377
R00894,2026-01-25 12:15:35,GH,mtn_momo,***6651
R00895,2026-01-22 11:50:27,UG,mtn_momo,***7267
R00896,2026-03-13 07:03:31,UG,mtn_momo,***5087
R00897,2026-03-31 13:02:11,GH,bank,***9248
R00898,2026-01-26 06:57:36,TZ,mpesa,***2554
R00899,2026-03-26 13:58:59,UG,airtel_money,***5457
R00900,2026-02-16 18:23:55,UG,airtel_money,***2884
R00901,2026-03-22 06:45:25,TZ,tigopesa,***2721
R00902,2026-03-24 22:13:40,GH,mtn_momo,***6811
R00903,2026-01-22 06:05:42,UG,mtn_momo,***1943
R00904,2026-03-26 21:05:10,GH,bank,***8135
R00905,2026-03-27 22:06:17,KE,bank,***6446
R00906,2026-02-25 21:36:18,NG,bank,***7526
R00907,2026-02-09 06:20:45,GH,mtn_momo,***3919
R00908,2026-02-27 08:00:22,GH,mtn_momo,***4655
R00909,2026-03-04 11:48:17,NG,bank,***1054
R00910,2026-01-22 18:17:14,NG,bank,***6922
R00911,2026-03-17 18:40:32,NG,bank,***1497
R00912,2026-03-24 13:24:53,KE,mpesa,***7022
R00913,2026-01-28 10:31:31,KE,bank,***2512
R00914,2026-01-06 18:30:11,GH,bank,***2909
R00915,2026-01-02 17:46:26,TZ,mpesa,***8916
R00916,2026-01-25 09:09:32,TZ,mpesa,***5858
R00917,2026-01-23 09:10:21,TZ,mpesa,***8505
R00918,2026-01-15 19:46:15,GH,bank,***9455
R00919,2026-02-06 09:17:31,GH,bank,***7568
R00920,2026-01-02 06:52:20,GH,bank,***6680
R00921,2026-02-26 06:45:20,KE,mpesa,***3432
R00922,2026-02-08 18:27:58,KE,bank,***3872
R00923,2026-03-18 07:24:49,KE,mpesa,***5487
R00924,2026-01-21 22:29:27,NG,bank,***8355
R00925,2026-01-16 14:54:26,NG,bank,***2873
R00926,2026-03-27 10:17:26,TZ,mpesa,***5998
R00927,2026-02-20 07:57:58,NG,bank,***4316
R00928,2026-02-07 17:19:12,TZ,tigopesa,***4949
R00929,2026-03-21 20:09:02,NG,bank,***4595
R00930,2026-02-14 18:35:24,NG,bank,***2638
R00931,2026-01-13 19:05:35,NG,bank,***2945
R00932,2026-03-21 17:14:26,NG,bank,***8998
R00933,2026-03-24 20:52:04,NG,bank,***1120
R00934,2026-01-08 21:41:19,KE,mpesa,***9161
R00935,2026-03-16 07:25:52,NG,bank,***4266
R00936,2026-02-18 19:33:05,UG,mtn_momo,***1866
R00937,2026-02-23 20:47:10,NG,bank,***4732
R00938,2026-03-07 19:06:37,GH,bank,***4465
R00939,2026-02-16 11:29:28,GH,mtn_momo,***5502
R00940,2026-02-19 06:18:31,GH,mtn_momo,***2714
R00941,2026-01-09 15:08:06,TZ,tigopesa,***4678
R00942,2026-02-27 06:35:39,KE,mpesa,***9587
R00943,2026-03-09 14:25:32,TZ,mpesa,***6890
R00944,2026-03-23 20:30:09,TZ,tigopesa,***4152
R00945,2026-01-31 16:02:28,TZ,tigopesa,***7064
R00946,2026-01-06 09:05:43,NG,bank,***9406
R00947,2026-03-13 09:55:10,UG,airtel_money,***7169
R00948,2026-01-21 16:21:05,UG,mtn_momo,***3413
R00949,2026-02-09 14:49:09,KE,bank,***7594
R00950,2026-02-12 20:08:49,KE,bank,***1718
R00951,2026-02-24 18:52:35,KE,mpesa,***3083
R00952,2026-02-28 21:46:00,UG,mtn_momo,***2438
R00953,2026-01-07 18:50:04,NG,bank,***7294
R00954,2026-02-17 18:44:15,KE,mpesa,***3809
R00955,2026-02-09 07:08:24,UG,airtel_money,***5865
R00956,2026-01-20 17:43:05,UG,airtel_money,***3516
R00957,2026-01-28 16:36:06,UG,airtel_money,***4539
R00958,2026-02-15 14:17:11,KE,bank,***4122
R00959,2026-03-26 10:20:26,KE,mpesa,***6791
R00960,2026-01-15 09:57:35,GH,bank,***4264
R00961,2026-03-21 06:30:05,GH,mtn_momo,***5424
R00962,2026-01-22 07:31:44,GH,mtn_momo,***2508
R00963,2026-01-20 15:00:08,NG,bank,***7847
R00964,2026-02-15 19:41:39,UG,mtn_momo,***5654
R00965,2026-01-21 10:00:42,KE,mpesa,***8123
R00966,2026-02-13 17:34:53,KE,mpesa,***5487
R00967,2026-01-11 14:23:53,NG,bank,***5746
R00968,2026-01-07 10:00:23,UG,airtel_money,***9300
R00969,2026-02-26 17:27:15,NG,bank,***9830
R00970,2026-03-20 13:31:20,GH,mtn_momo,***3867
R00971,2026-01-21 20:13:14,TZ,mpesa,***4164
R00972,2026-02-27 20:31:11,KE,bank,***1152
R00973,2026-01-12 15:13:51,TZ,tigopesa,***7250
R00974,2026-03-13 17:03:46,TZ,tigopesa,***8319
R00975,2026-03-03 19:15:51,KE,mpesa,***4277
R00976,2026-03-19 21:00:36,KE,bank,***3562
R00977,2026-03-26 13:52:47,UG,mtn_momo,***8935
R00978,2026-02-16 10:38:03,GH,mtn_momo,***4060
R00979,2026-02-12 19:07:51,KE,mpesa,***4469
R00980,2026-03-28 17:14:40,TZ,mpesa,***1308
R00981,2026-03-09 19:20:53,KE,mpesa,***4181
R00982,2026-03-20 09:34:15,UG,mtn_momo,***6678
R00983,2026-02-18 15:22:32,UG,mtn_momo,***9947
R00984,2026-02-22 17:36:53,UG,mtn_momo,***1019
R00985,2026-02-21 07:17:16,TZ,tigopesa,***6112
R00986,2026-03-16 17:09:06,TZ,tigopesa,***4712
R00987,2026-01-09 22:31:53,TZ,mpesa,***6144
R00988,2026-01-28 12:37:44,KE,bank,***3299
R00989,2026-03-19 13:20:46,UG,mtn_momo,***3596
R00990,2026-02-15 21:32:34,UG,mtn_momo,***9593
R00991,2026-03-10 06:23:44,KE,bank,***6211
R00992,2026-02-25 11:51:28,GH,mtn_momo,***6022
R00993,2026-02-25 06:00:59,GH,mtn_momo,***4168
R00994,2026-02-23 22:54:11,NG,bank,***5791
R00995,2026-03-22 21:39:24,TZ,mpesa,***6161
R00996,2026-03-11 21:52:25,KE,bank,***9577
R00997,2026-03-05 07:56:13,TZ,mpesa,***2573
R00998,2026-01-20 12:56:34,TZ,mpesa,***1139
R00999,2026-03-25 07:04:25,UG,airtel_money,***6181
R01000,2026-02-15 13:25:04,TZ,mpesa,***7602
R01001,2026-03-26 09:38:05,TZ,mpesa,***4291
R01002,2026-01-12 22:51:38,GH,bank,***4075
R01003,2026-02-24 20:20:22,GH,bank,***9339
R01004,2026-01-02 22:21:09,GH,mtn_momo,***8055
R01005,2026-02-10 13:35:22,TZ,mpesa,***2183
R01006,2026-02-17 21:20:39,UG,mtn_momo,***3877
R01007,2026-03-23 13:04:01,TZ,tigopesa,***2846
R01008,2026-02-22 20:11:56,UG,mtn_momo,***3025
R01009,2026-01-04 20:12:41,UG,airtel_money,***3218
R01010,2026-03-08 19:09:56,UG,airtel_money,***5444
R01011,2026-02-04 15:43:06,TZ,mpesa,***2053
R01012,2026-03-10 10:20:09,TZ,tigopesa,***3319
R01013,2026-03-04 15:01:38,TZ,tigopesa,***6181
R01014,2026-03-06 09:53:43,GH,mtn_momo,***6012
R01015,2026-02-05 21:00:04,TZ,tigopesa,***8570
R01016,2026-03-19 13:24:35,TZ,tigopesa,***3777
R01017,2026-01-23 15:55:34,UG,mtn_momo,***7382
R01018,2026-01-10 16:07:48,NG,bank,***1720
R01019,2026-03-14 09:22:08,TZ,tigopesa,***1251
R01020,2026-01-20 21:54:23,TZ,mpesa,***6279
R01021,2026-02-02 17:52:26,NG,bank,***3766
R01022,2026-01-21 17:10:41,TZ,mpesa,***4132
R01023,2026-03-19 21:22:03,GH,mtn_momo,***6487
R01024,2026-03-30 11:39:51,TZ,mpesa,***3896
R01025,2026-01-28 21:22:43,GH,bank,***3483
R01026,2026-01-17 08:46:02,UG,airtel_money,***1120
R01027,2026-02-12 17:44:48,GH,bank,***8129
R01028,2026-02-13 14:10:56,NG,bank,***4457
R01029,2026-02-11 12:31:42,TZ,tigopesa,***8530
R01030,2026-01-18 17:10:01,UG,airtel_money,***3871
R01031,2026-02-05 21:43:20,KE,mpesa,***1610
R01032,2026-02-22 11:46:06,KE,bank,***7114
R01033,2026-03-24 16:37:52,KE,bank,***6181
R01034,2026-01-23 14:58:37,GH,mtn_momo,***5232
R01035,2026-02-04 16:36:52,UG,mtn_momo,***8925
R01036,2026-01-10 07:56:44,NG,bank,***5182
R01037,2026-02-03 21:05:06,UG,airtel_money,***3394
R01038,2026-03-04 17:49:00,UG,airtel_money,***3228
R01039,2026-03-27 21:41:40,UG,airtel_money,***3396
R01040,2026-02-01 07:13:18,UG,airtel_money,***7434
R01041,2026-01-14 15:55:36,KE,bank,***3783
R01042,2026-03-04 06:58:07,KE,mpesa,***9934
R01043,2026-03-13 08:37:02,GH,bank,***6038
R01044,2026-02-04 22:49:05,UG,mtn_momo,***6561
R01045,2026-02-01 20:06:42,UG,airtel_money,***5715
R01046,2026-01-15 16:43:24,NG,bank,***8026
R01047,2026-01-15 21:03:33,NG,bank,***2465
R01048,2026-01-30 08:04:08,GH,mtn_momo,***9890
R01049,2026-01-27 20:25:37,TZ,tigopesa,***9067
R01050,2026-02-05 13:29:05,KE,bank,***5015
R01051,2026-03-20 18:15:09,NG,bank,***6469
R01052,2026-02-18 16:20:29,GH,mtn_momo,***5128
R01053,2026-01-30 13:36:23,TZ,mpesa,***8035
R01054,2026-02-22 07:22:46,UG,airtel_money,***9381
R01055,2026-01-03 21:18:48,UG,airtel_money,***6901
R01056,2026-01-15 13:51:54,UG,mtn_momo,***6954
R01057,2026-03-18 06:17:49,UG,mtn_momo,***5613
R01058,2026-02-18 17:29:30,UG,mtn_momo,***9952
R01059,2026-03-21 14:31:29,NG,bank,***8367
R01060,2026-03-08 18:44:40,UG,mtn_momo,***7632
R01061,2026-02-10 08:52:30,KE,mpesa,***8539
R01062,2026-02-16 08:28:32,KE,bank,***3759
R01063,2026-01-19 21:40:59,NG,bank,***9326
R01064,2026-01-09 11:44:08,NG,bank,***5479
R01065,2026-03-07 06:14:56,TZ,mpesa,***3448
R01066,2026-03-17 21:50:20,GH,bank,***4540
R01067,2026-02-28 10:25:53,UG,airtel_money,***9461
R01068,2026-02-14 15:22:40,KE,bank,***8705
R01069,2026-01-31 11:02:19,GH,bank,***8366
R01070,2026-03-15 07:41:40,GH,bank,***8906
R01071,2026-01-05 08:11:34,UG,mtn_momo,***1970
R01072,2026-03-09 10:38:36,UG,mtn_momo,***4373
R01073,2026-03-16 13:46:43,NG,bank,***2511
R01074,2026-01-08 06:06:09,NG,bank,***7648
R01075,2026-02-05 15:45:25,GH,mtn_momo,***7553
R01076,2026-02-19 21:30:05,NG,bank,***4629
R01077,2026-03-24 18:45:06,GH,mtn_momo,***9970
R01078,2026-03-06 10:44:05,GH,mtn_momo,***4612
R01079,2026-01-16 08:42:45,GH,bank,***3885
R01080,2026-01-30 07:00:10,UG,airtel_money,***4241
R01081,2026-01-31 10:50:12,NG,bank,***2681
R01082,2026-01-08 09:26:45,NG,bank,***6618
R01083,2026-01-22 08:08:01,NG,bank,***1013
R01084,2026-03-12 12:51:57,KE,bank,***7546
R01085,2026-01-20 20:25:55,TZ,mpesa,***5819
R01086,2026-01-31 16:39:16,GH,bank,***9458
R01087,2026-03-17 16:22:45,GH,mtn_momo,***9221
R01088,2026-03-05 10:49:58,GH,mtn_momo,***7064
R01089,2026-03-21 18:59:34,UG,mtn_momo,***1305
R01090,2026-02-16 06:25:28,KE,mpesa,***4300
R01091,2026-01-12 10:56:26,GH,bank,***8854
R01092,2026-01-08 19:14:30,GH,bank,***1972
R01093,2026-01-06 17:20:59,KE,mpesa,***7632
R01094,2026-01-10 11:17:38,UG,airtel_money,***1721
R01095,2026-02-21 11:27:17,TZ,tigopesa,***7330
R01096,2026-02-20 18:52:40,TZ,mpesa,***7729
R01097,2026-03-25 21:16:57,NG,bank,***9835
R01098,2026-03-21 21:47:01,NG,bank,***6786
R01099,2026-03-28 15:44:14,NG,bank,***5109
R01100,2026-01-09 14:48:44,NG,bank,***2250
R01101,2026-01-05 13:47:15,NG,bank,***8943
R01102,2026-03-08 22:13:28,NG,bank,***1996
R01103,2026-03-17 13:40:50,TZ,mpesa,***9074
R01104,2026-01-07 11:51:56,TZ,tigopesa,***7296
R01105,2026-01-11 08:35:23,TZ,mpesa,***4994
R01106,2026-03-15 17:30:42,GH,bank,***4460
R01107,2026-01-06 08:04:26,UG,airtel_money,***6207
R01108,2026-03-08 08:07:45,KE,mpesa,***4226
R01109,2026-01-18 16:14:12,KE,bank,***6078
R01110,2026-01-28 18:40:51,GH,bank,***9478
R01111,2026-01-05 06:36:25,KE,mpesa,***7079
R01112,2026-03-08 10:36:13,KE,mpesa,***4394
R01113,2026-01-14 19:37:23,KE,bank,***7143
R01114,2026-03-25 22:21:22,GH,mtn_momo,***1426
R01115,2026-02-20 19:01:17,GH,mtn_momo,***7789
R01116,2026-01-19 09:21:35,NG,bank,***5795
R01117,2026-02-03 12:44:22,KE,bank,***3603
R01118,2026-02-15 20:11:06,NG,bank,***4726
R01119,2026-02-04 22:58:22,NG,bank,***7538
R01120,2026-02-19 06:31:02,KE,mpesa,***7620
R01121,2026-02-27 12:52:52,GH,bank,***8076
R01122,2026-01-08 07:45:40,UG,mtn_momo,***4570
R01123,2026-03-06 07:50:51,KE,mpesa,***2859
R01124,2026-03-11 08:15:20,KE,mpesa,***4618
R01125,2026-03-22 08:21:27,KE,bank,***1109
R01126,2026-02-14 18:08:48,TZ,mpesa,***7555
R01127,2026-03-22 22:31:48,GH,mtn_momo,***5553
R01128,2026-02-05 20:37:36,KE,bank,***5165
R01129,2026-03-27 19:57:31,GH,bank,***6153
R01130,2026-02-06 13:37:46,NG,bank,***4116
R01131,2026-01-18 14:20:44,TZ,mpesa,***2610
R01132,2026-03-15 14:08:09,TZ,mpesa,***2909
R01133,2026-01-15 22:54:45,TZ,mpesa,***3025
R01134,2026-01-15 08:23:46,NG,bank,***7017
R01135,2026-01-31 18:25:50,TZ,tigopesa,***4548
R01136,2026-02-12 07:21:05,TZ,tigopesa,***1710
R01137,2026-03-30 14:49:47,UG,mtn_momo,***7751
R01138,2026-02-11 10:27:09,TZ,mpesa,***4130
R01139,2026-03-26 08:13:04,KE,bank,***4565
R01140,2026-03-31 12:24:00,KE,mpesa,***6944
R01141,2026-02-28 10:57:19,NG,bank,***7949
R01142,2026-01-06 16:03:56,UG,mtn_momo,***9966
R01143,2026-01-16 12:08:56,UG,airtel_money,***1161
R01144,2026-01-26 18:16:04,UG,mtn_momo,***6288
R01145,2026-03-24 06:00:50,TZ,mpesa,***1855
R01146,2026-01-21 17:00:16,UG,airtel_money,***4083
R01147,2026-02-26 18:04:48,UG,airtel_money,***2708
R01148,2026-01-31 16:30:40,KE,bank,***2461
R01149,2026-01-09 09:45:39,UG,airtel_money,***8198
R01150,2026-02-04 20:53:29,GH,bank,***9984
R01151,2026-03-02 20:11:04,NG,bank,***8295
R01152,2026-03-31 07:34:11,NG,bank,***2574
R01153,2026-03-02 11:50:13,KE,bank,***4634
R01154,2026-01-16 11:37:23,KE,mpesa,***5155
R01155,2026-03-26 14:12:41,GH,mtn_momo,***8119
R01156,2026-03-16 12:06:11,UG,airtel_money,***4089
R01157,2026-03-02 21:58:13,KE,mpesa,***1362
R01158,2026-01-03 08:52:07,KE,mpesa,***4994
R01159,2026-02-16 12:59:03,NG,bank,***5579
R01160,2026-02-11 12:05:57,NG,bank,***8866
R01161,2026-01-17 15:31:53,NG,bank,***9742
R01162,2026-02-28 12:51:15,NG,bank,***7558
R01163,2026-02-24 12:11:50,KE,bank,***8432
R01164,2026-01-11 16:44:20,GH,mtn_momo,***6040
R01165,2026-03-11 20:05:58,KE,bank,***5649
R01166,2026-01-23 16:33:53,KE,mpesa,***1792
R01167,2026-02-01 16:24:42,TZ,tigopesa,***8157
R01168,2026-01-25 17:36:43,NG,bank,***6776
R01169,2026-02-21 12:48:01,GH,bank,***3359
R01170,2026-01-15 08:27:22,NG,bank,***4463
R01171,2026-02-04 20:11:37,KE,bank,***4769
R01172,2026-02-23 13:38:36,NG,bank,***8608
R01173,2026-01-25 07:55:01,KE,mpesa,***3558
R01174,2026-01-10 19:02:12,NG,bank,***2001
R01175,2026-03-31 09:04:18,NG,bank,***7142
R01176,2026-02-18 17:54:43,NG,bank,***1794
R01177,2026-03-15 08:31:39,GH,mtn_momo,***7721
R01178,2026-03-24 08:05:07,UG,airtel_money,***8049
R01179,2026-03-17 15:29:09,UG,mtn_momo,***2399
R01180,2026-03-09 09:26:42,NG,bank,***1257
R01181,2026-02-03 06:23:36,GH,mtn_momo,***1464
R01182,2026-01-15 06:16:57,NG,bank,***9202
R01183,2026-03-03 19:34:21,NG,bank,***2807
R01184,2026-03-05 09:28:12,KE,mpesa,***3577
R01185,2026-01-20 20:02:55,KE,mpesa,***8165
R01186,2026-01-23 21:08:47,KE,bank,***8578
R01187,2026-02-26 06:17:40,NG,bank,***4501
R01188,2026-03-08 06:39:57,NG,bank,***1269
R01189,2026-03-03 07:42:51,KE,mpesa,***7762
R01190,2026-01-06 09:01:44,KE,bank,***1511
R01191,2026-01-03 09:08:23,TZ,tigopesa,***2503
R01192,2026-03-12 09:18:21,TZ,tigopesa,***9077
R01193,2026-02-27 19:11:20,TZ,tigopesa,***1432
R01194,2026-03-31 15:26:14,KE,bank,***6274
R01195,2026-03-10 22:15:49,KE,mpesa,***5473
R01196,2026-03-30 17:34:35,KE,bank,***1308
R01197,2026-03-12 19:58:14,NG,bank,***2612
R01198,2026-02-08 18:06:34,KE,mpesa,***5404
R01199,2026-03-27 14:09:49,GH,mtn_momo,***6817
R01200,2026-03-31 14:36:57,GH,mtn_momo,***1091
R01201,2026-03-03 08:48:10,TZ,mpesa,***5598
R01202,2026-01-09 21:11:33,TZ,tigopesa,***2494
R01203,2026-01-12 06:15:39,GH,mtn_momo,***4465
R01204,2026-01-29 08:51:58,TZ,mpesa,***8071
R01205,2026-02-11 19:01:13,NG,bank,***2186
R01206,2026-01-15 06:22:37,NG,bank,***7604
R01207,2026-01-30 15:26:32,UG,mtn_momo,***5488
R01208,2026-01-10 16:56:11,UG,mtn_momo,***1743
R01209,2026-02-15 08:26:37,UG,mtn_momo,***3575
R01210,2026-01-27 12:57:22,GH,mtn_momo,***6923
R01211,2026-01-31 11:31:17,NG,bank,***2351
R01212,2026-02-05 07:52:15,GH,mtn_momo,***4538
R01213,2026-01-08 07:54:59,UG,mtn_momo,***4593
R01214,2026-02-14 22:18:55,GH,mtn_momo,***2878
R01215,2026-02-11 08:27:01,NG,bank,***9457
R01216,2026-02-10 22:42:37,NG,bank,***5634
R01217,2026-02-25 17:15:24,NG,bank,***4995
R01218,2026-01-18 11:08:08,TZ,tigopesa,***9005
R01219,2026-02-03 22:59:26,KE,bank,***6857
R01220,2026-03-12 15:56:29,GH,bank,***8275
R01221,2026-03-22 16:07:30,GH,mtn_momo,***9765
R01222,2026-02-26 22:07:33,UG,airtel_money,***4867
R01223,2026-01-11 19:11:00,TZ,mpesa,***4674
R01224,2026-02-01 12:21:53,UG,airtel_money,***1377
R01225,2026-02-01 06:26:56,KE,mpesa,***9396
R01226,2026-01-09 22:16:14,GH,mtn_momo,***1806
R01227,2026-03-05 16:10:20,GH,bank,***4520
R01228,2026-01-30 09:51:26,NG,bank,***3697
R01229,2026-03-23 21:29:02,NG,bank,***3307
R01230,2026-03-04 09:07:15,NG,bank,***4213
R01231,2026-02-12 20:45:21,UG,mtn_momo,***7889
R01232,2026-03-13 14:50:04,UG,mtn_momo,***9027
R01233,2026-02-01 21:33:16,TZ,mpesa,***8986
R01234,2026-01-27 14:31:07,TZ,tigopesa,***1898
R01235,2026-02-15 07:16:27,UG,mtn_momo,***4670
R01236,2026-03-16 06:08:20,UG,airtel_money,***7715
R01237,2026-02-28 20:35:07,KE,bank,***9918
R01238,2026-03-23 15:39:51,TZ,mpesa,***9180
R01239,2026-03-02 09:44:40,NG,bank,***5093
R01240,2026-01-28 11:28:36,NG,bank,***4346
R01241,2026-01-15 15:38:47,KE,bank,***7153
R01242,2026-01-11 10:37:14,NG,bank,***7854
R01243,2026-03-20 21:27:52,UG,mtn_momo,***8753
R01244,2026-02-16 09:31:06,UG,airtel_money,***8755
R01245,2026-02-05 18:28:43,KE,bank,***9887
R01246,2026-02-15 15:04:03,GH,bank,***9183
R01247,2026-01-30 13:21:11,UG,airtel_money,***7988
R01248,2026-03-12 21:50:39,UG,airtel_money,***4643
R01249,2026-02-04 07:44:05,GH,mtn_momo,***1555
R01250,2026-03-03 10:25:51,NG,bank,***7560
R01251,2026-02-24 17:34:59,TZ,tigopesa,***5682
R01252,2026-01-18 14:53:56,GH,bank,***3751
R01253,2026-02-18 09:50:47,KE,bank,***4756
R01254,2026-02-28 07:04:21,KE,mpesa,***6850
R01255,2026-01-19 09:58:12,UG,airtel_money,***6273
R01256,2026-03-08 21:45:40,UG,airtel_money,***7502
R01257,2026-02-07 13:28:45,KE,bank,***5271
R01258,2026-03-11 07:01:18,GH,mtn_momo,***8436
R01259,2026-02-15 19:20:11,TZ,mpesa,***8925
R01260,2026-03-06 12:55:40,TZ,tigopesa,***3200
R01261,2026-01-08 07:16:50,GH,bank,***3628
R01262,2026-03-16 21:40:20,TZ,mpesa,***6738
R01263,2026-02-09 18:18:11,GH,mtn_momo,***5547
R01264,2026-02-12 15:57:19,KE,bank,***3933
R01265,2026-01-17 11:09:56,UG,airtel_money,***5070
R01266,2026-03-25 14:20:23,UG,airtel_money,***7067
R01267,2026-02-26 07:33:33,KE,bank,***6273
R01268,2026-02-13 08:39:30,KE,bank,***6840
R01269,2026-01-29 10:42:31,GH,bank,***7095
R01270,2026-03-03 17:04:26,NG,bank,***1517
R01271,2026-03-19 10:21:43,UG,airtel_money,***9841
R01272,2026-03-10 17:17:23,KE,mpesa,***3161
R01273,2026-01-07 20:12:12,UG,mtn_momo,***3222
R01274,2026-02-19 13:41:24,UG,mtn_momo,***9664
R01275,2026-03-13 19:26:40,TZ,tigopesa,***5932
R01276,2026-01-26 17:43:49,TZ,mpesa,***2295
R01277,2026-01-25 10:48:41,TZ,mpesa,***1255
R01278,2026-02-06 22:37:00,UG,airtel_money,***2664
R01279,2026-02-11 18:22:41,TZ,tigopesa,***1959
R01280,2026-03-29 21:20:49,KE,mpesa,***5837
R01281,2026-01-24 17:09:24,TZ,mpesa,***4374
R01282,2026-01-16 13:00:07,TZ,mpesa,***6769
R01283,2026-02-04 17:31:53,KE,mpesa,***5200
R01284,2026-01-26 20:58:58,KE,mpesa,***6954
R01285,2026-03-26 22:42:19,TZ,mpesa,***8081
R01286,2026-03-24 11:31:13,GH,bank,***3721
R01287,2026-03-07 18:07:40,NG,bank,***1896
R01288,2026-01-22 20:19:09,UG,airtel_money,***6667
R01289,2026-03-07 14:36:50,NG,bank,***6585
R01290,2026-02-18 11:22:06,NG,bank,***6689
R01291,2026-01-17 11:55:11,NG,bank,***9680
R01292,2026-02-03 10:30:17,KE,mpesa,***3078
R01293,2026-03-05 12:26:11,KE,bank,***6824
R01294,2026-02-26 12:07:56,KE,mpesa,***5123
R01295,2026-03-22 21:47:13,NG,bank,***1776
R01296,2026-03-28 15:41:37,TZ,mpesa,***4331
R01297,2026-02-28 20:46:53,TZ,mpesa,***1009
R01298,2026-03-12 12:30:00,NG,bank,***4558
R01299,2026-01-24 10:27:53,NG,bank,***8030
R01300,2026-01-06 14:56:06,NG,bank,***3427
R01301,2026-02-12 12:32:15,TZ,tigopesa,***3297
R01302,2026-01-21 18:58:05,TZ,mpesa,***8652
R01303,2026-02-18 11:47:07,UG,mtn_momo,***6840
R01304,2026-01-13 06:57:19,UG,mtn_momo,***8913
R01305,2026-03-03 16:52:49,KE,bank,***6049
R01306,2026-01-08 21:09:10,GH,bank,***1990
R01307,2026-02-25 14:20:31,GH,bank,***4239
R01308,2026-03-30 06:36:54,TZ,mpesa,***5976
R01309,2026-01-25 14:59:04,TZ,mpesa,***2930
R01310,2026-01-26 16:14:45,GH,mtn_momo,***4252
R01311,2026-02-24 09:15:32,GH,bank,***5678
R01312,2026-02-03 12:14:12,UG,airtel_money,***6409
R01313,2026-02-22 18:33:46,NG,bank,***1071
R01314,2026-02-27 09:50:14,NG,bank,***6389
R01315,2026-03-20 09:14:41,UG,mtn_momo,***5408
R01316,2026-02-08 06:22:16,GH,bank,***6330
R01317,2026-01-01 06:25:13,TZ,tigopesa,***5872
R01318,2026-03-06 15:33:09,TZ,tigopesa,***8095
R01319,2026-02-16 16:39:02,TZ,tigopesa,***1238
R01320,2026-01-03 06:58:31,TZ,mpesa,***5016
R01321,2026-01-28 22:40:28,TZ,tigopesa,***5012
R01322,2026-01-22 11:25:54,TZ,mpesa,***4838
R01323,2026-01-27 09:36:33,TZ,mpesa,***6542
R01324,2026-02-12 19:11:20,KE,bank,***1657
R01325,2026-01-10 19:19:11,TZ,tigopesa,***6772
R01326,2026-02-23 09:49:34,TZ,tigopesa,***1718
R01327,2026-02-20 19:57:48,TZ,mpesa,***7438
R01328,2026-01-13 22:56:41,GH,mtn_momo,***1640
R01329,2026-03-27 21:59:04,GH,bank,***7081
R01330,2026-02-21 11:41:53,KE,mpesa,***7242
R01331,2026-01-15 15:47:31,NG,bank,***6494
R01332,2026-03-16 11:43:42,TZ,tigopesa,***6111
R01333,2026-02-25 20:52:24,TZ,tigopesa,***3221
R01334,2026-01-26 18:39:18,KE,bank,***2731
R01335,2026-01-14 06:31:23,KE,bank,***6710
R01336,2026-03-01 07:03:31,TZ,mpesa,***9199
R01337,2026-02-21 07:39:03,TZ,tigopesa,***8507
R01338,2026-02-11 11:18:22,NG,bank,***4577
R01339,2026-01-17 16:28:29,GH,bank,***2103
R01340,2026-02-27 16:49:34,KE,bank,***8438
R01341,2026-01-05 22:22:21,UG,airtel_money,***5603
R01342,2026-03-26 07:10:11,UG,mtn_momo,***8399
R01343,2026-01-06 18:53:32,UG,mtn_momo,***2735
R01344,2026-02-15 08:06:18,GH,bank,***2661
R01345,2026-03-17 18:14:19,GH,bank,***7535
R01346,2026-01-13 06:25:36,KE,mpesa,***6036
R01347,2026-03-25 20:46:38,NG,bank,***2998
R01348,2026-02-19 11:59:23,TZ,tigopesa,***9949
R01349,2026-01-23 20:04:12,TZ,tigopesa,***8910
R01350,2026-03-30 09:43:43,TZ,tigopesa,***5682
R01351,2026-03-09 20:49:35,GH,bank,***8198
R01352,2026-02-28 22:20:33,NG,bank,***6364
R01353,2026-03-16 19:53:37,GH,bank,***5101
R01354,2026-01-08 13:38:31,UG,mtn_momo,***9308
R01355,2026-03-02 12:23:18,UG,mtn_momo,***3387
R01356,2026-03-23 16:52:06,NG,bank,***1128
R01357,2026-03-28 12:30:04,NG,bank,***8306
R01358,2026-02-02 16:09:24,NG,bank,***6266
R01359,2026-01-09 09:22:32,UG,airtel_money,***7131
R01360,2026-01-08 09:52:29,UG,airtel_money,***1583
R01361,2026-01-31 11:04:57,UG,airtel_money,***4599
R01362,2026-01-05 21:19:52,TZ,mpesa,***1101
R01363,2026-03-27 15:22:08,TZ,mpesa,***3279
R01364,2026-01-07 10:44:40,TZ,mpesa,***9862
R01365,2026-03-10 17:54:36,UG,mtn_momo,***1978
R01366,2026-03-24 20:00:06,UG,mtn_momo,***9736
R01367,2026-02-24 17:41:24,GH,mtn_momo,***4991
R01368,2026-03-19 19:13:28,NG,bank,***5922
R01369,2026-01-31 09:46:31,TZ,tigopesa,***9244
R01370,2026-01-07 13:00:36,TZ,mpesa,***3101
R01371,2026-02-07 21:31:13,TZ,tigopesa,***9488
R01372,2026-03-29 07:29:05,NG,bank,***3380
R01373,2026-02-02 18:33:53,NG,bank,***8415
R01374,2026-01-01 14:34:10,NG,bank,***9770
R01375,2026-03-18 20:50:51,GH,bank,***7816
R01376,2026-01-08 22:48:08,GH,bank,***5991
R01377,2026-02-02 12:06:35,GH,mtn_momo,***3741
R01378,2026-03-25 21:28:15,NG,bank,***9098
R01379,2026-01-21 18:57:01,NG,bank,***4303
R01380,2026-01-02 06:25:14,NG,bank,***4329
R01381,2026-02-14 08:51:47,GH,mtn_momo,***4627
R01382,2026-03-29 11:32:38,NG,bank,***2867
R01383,2026-03-08 22:15:55,UG,airtel_money,***4011
R01384,2026-01-08 08:41:46,TZ,tigopesa,***5139
R01385,2026-02-20 07:19:21,UG,airtel_money,***2017
R01386,2026-02-23 14:15:29,TZ,mpesa,***7198
R01387,2026-01-05 14:36:53,GH,bank,***5461
R01388,2026-01-21 18:35:32,KE,bank,***4747
R01389,2026-01-19 16:24:05,KE,mpesa,***4228
R01390,2026-03-22 18:31:02,NG,bank,***6732
R01391,2026-03-23 09:37:19,NG,bank,***4593
R01392,2026-02-23 09:46:15,NG,bank,***7138
R01393,2026-03-14 09:32:11,GH,bank,***6508
R01394,2026-02-09 13:24:45,GH,bank,***6405
R01395,2026-02-26 17:58:33,GH,bank,***8168
R01396,2026-01-10 14:39:56,UG,airtel_money,***9864
R01397,2026-02-26 17:44:01,UG,airtel_money,***1970
R01398,2026-02-03 07:39:14,GH,mtn_momo,***1809
R01399,2026-03-05 12:33:14,TZ,mpesa,***3556
R01400,2026-02-20 18:00:38,GH,mtn_momo,***4740
R01401,2026-03-15 18:12:27,GH,mtn_momo,***9912
R01402,2026-01-14 11:41:26,KE,mpesa,***1484
R01403,2026-01-03 12:24:20,KE,bank,***6285
R01404,2026-01-21 13:36:45,GH,bank,***2202
R01405,2026-02-03 15:14:02,TZ,mpesa,***2414
R01406,2026-01-17 19:40:02,NG,bank,***2424
R01407,2026-02-23 07:50:26,UG,airtel_money,***5071
R01408,2026-02-17 09:14:44,UG,airtel_money,***6743
R01409,2026-01-06 06:44:45,UG,mtn_momo,***7975
R01410,2026-01-15 06:34:18,UG,mtn_momo,***3023
R01411,2026-02-28 12:48:55,TZ,tigopesa,***7800
R01412,2026-03-10 09:09:06,TZ,tigopesa,***7405
R01413,2026-01-18 06:05:55,TZ,tigopesa,***3580
R01414,2026-03-09 21:41:05,TZ,mpesa,***4307
R01415,2026-01-18 19:24:01,TZ,tigopesa,***8025
R01416,2026-01-14 14:17:04,TZ,tigopesa,***3672
R01417,2026-03-09 15:18:34,NG,bank,***3537
R01418,2026-01-30 22:57:35,TZ,tigopesa,***3291
R01419,2026-01-22 10:43:50,TZ,tigopesa,***2701
R01420,2026-03-17 11:27:25,TZ,tigopesa,***8322
R01421,2026-01-08 15:06:04,TZ,tigopesa,***7752
R01422,2026-01-29 09:31:48,NG,bank,***8978
R01423,2026-01-01 19:53:46,NG,bank,***9186
R01424,2026-02-09 15:45:53,NG,bank,***2616
R01425,2026-02-16 10:49:57,GH,mtn_momo,***5908
R01426,2026-01-17 19:07:54,NG,bank,***2912
R01427,2026-01-24 15:50:31,NG,bank,***4979
R01428,2026-02-19 07:52:58,GH,bank,***6058
R01429,2026-03-05 10:00:58,GH,bank,***2156
R01430,2026-02-24 20:10:44,GH,mtn_momo,***4816
R01431,2026-02-17 10:53:52,UG,airtel_money,***1607
R01432,2026-01-17 09:41:57,UG,airtel_money,***2502
R01433,2026-03-18 07:16:48,GH,mtn_momo,***3645
R01434,2026-01-12 21:40:41,GH,mtn_momo,***7546
R01435,2026-03-11 17:40:45,UG,airtel_money,***4858
R01436,2026-01-25 14:59:27,UG,mtn_momo,***2336
R01437,2026-02-05 13:45:40,UG,mtn_momo,***2720
R01438,2026-01-22 10:54:05,KE,bank,***7876
R01439,2026-01-28 10:20:02,KE,bank,***6993
R01440,2026-03-22 07:55:39,KE,mpesa,***9747
R01441,2026-01-02 06:19:14,UG,airtel_money,***7928
R01442,2026-02-13 18:05:32,KE,bank,***9365
R01443,2026-01-13 16:56:39,KE,bank,***9966
R01444,2026-03-07 13:22:45,KE,bank,***4680
R01445,2026-03-20 17:57:53,GH,mtn_momo,***8530
R01446,2026-01-09 13:01:41,UG,mtn_momo,***6201
R01447,2026-02-17 15:33:49,KE,mpesa,***6703
R01448,2026-03-30 14:02:52,KE,bank,***8256
R01449,2026-03-28 22:28:31,KE,bank,***3604
R01450,2026-01-12 21:48:21,UG,airtel_money,***6736
R01451,2026-01-07 22:04:23,TZ,tigopesa,***9331
R01452,2026-01-29 08:08:04,TZ,tigopesa,***6227
R01453,2026-01-20 08:09:40,TZ,mpesa,***8838
R01454,2026-02-19 18:22:21,KE,mpesa,***2121
R01455,2026-01-31 11:38:25,GH,bank,***8142
R01456,2026-03-07 06:36:32,KE,bank,***6951
R01457,2026-01-21 18:02:07,KE,bank,***7450
R01458,2026-02-05 14:06:16,UG,mtn_momo,***8319
R01459,2026-03-23 14:55:08,UG,mtn_momo,***9518
R01460,2026-01-23 10:46:53,NG,bank,***5681
R01461,2026-03-21 16:15:43,NG,bank,***3950
R01462,2026-01-13 08:10:35,NG,bank,***1204
R01463,2026-02-03 10:23:56,NG,bank,***3391
R01464,2026-01-09 06:19:51,GH,bank,***4751
R01465,2026-03-07 17:45:18,GH,bank,***9863
R01466,2026-02-21 12:57:56,UG,airtel_money,***6603
R01467,2026-03-29 08:12:24,GH,mtn_momo,***1871
R01468,2026-01-01 15:39:17,GH,mtn_momo,***1057
R01469,2026-02-08 18:22:42,KE,bank,***7943
R01470,2026-02-04 15:18:44,KE,mpesa,***5498
R01471,2026-01-09 19:59:47,KE,bank,***8007
R01472,2026-01-16 10:00:13,KE,mpesa,***5213
R01473,2026-01-30 20:15:59,KE,mpesa,***7565
R01474,2026-02-21 16:34:43,NG,bank,***3555
R01475,2026-01-21 13:24:33,UG,mtn_momo,***8971
R01476,2026-01-05 09:05:19,KE,bank,***1392
R01477,2026-02-16 12:43:55,GH,mtn_momo,***3058
R01478,2026-02-07 15:40:13,NG,bank,***9601
R01479,2026-01-12 14:26:43,TZ,mpesa,***6007
R01480,2026-02-01 07:24:57,GH,mtn_momo,***6819
R01481,2026-01-22 13:38:51,NG,bank,***3937
R01482,2026-02-22 07:45:23,KE,mpesa,***8201
R01483,2026-03-16 19:14:30,KE,bank,***9740
R01484,2026-01-16 21:52:21,KE,mpesa,***9557
R01485,2026-02-09 12:46:18,UG,mtn_momo,***4532
R01486,2026-02-22 08:08:39,NG,bank,***6060
R01487,2026-03-31 21:07:09,UG,mtn_momo,***5456
R01488,2026-01-03 12:42:10,UG,airtel_money,***3545
R01489,2026-03-24 06:27:25,UG,mtn_momo,***3321
R01490,2026-01-16 21:45:29,KE,bank,***5853
R01491,2026-01-29 12:57:52,KE,bank,***7832
R01492,2026-01-29 19:19:22,KE,mpesa,***1724
R01493,2026-01-21 16:26:57,NG,bank,***2578
R01494,2026-03-13 10:51:39,NG,bank,***2965
R01495,2026-01-23 21:09:42,TZ,tigopesa,***6533
R01496,2026-01-28 14:39:59,TZ,tigopesa,***8347
R01497,2026-01-15 08:26:37,UG,airtel_money,***8882
R01498,2026-02-03 22:45:44,KE,mpesa,***5897
R01499,2026-01-15 18:19:45,UG,mtn_momo,***8337
R01500,2026-03-21 16:30:20,UG,airtel_money,***7088
R01501,2026-02-14 13:44:25,UG,airtel_money,***6515
R01502,2026-01-11 08:16:57,GH,mtn_momo,***1135
R01503,2026-01-01 18:41:51,GH,bank,***9486
R01504,2026-03-16 10:30:01,GH,mtn_momo,***7612
R01505,2026-02-27 11:44:28,KE,bank,***9476
R01506,2026-01-17 15:25:31,KE,bank,***3837
R01507,2026-01-26 10:06:38,KE,mpesa,***3107
R01508,2026-03-01 10:34:57,KE,bank,***8745
R01509,2026-02-20 17:01:27,KE,bank,***6700
R01510,2026-03-03 07:48:30,KE,mpesa,***4631
R01511,2026-02-04 19:29:06,KE,bank,***1247
R01512,2026-02-16 09:30:48,NG,bank,***8717
R01513,2026-02-19 07:47:10,GH,mtn_momo,***5635
R01514,2026-01-01 11:51:09,TZ,mpesa,***4904
R01515,2026-03-11 22:21:01,TZ,tigopesa,***6729
R01516,2026-03-08 21:26:38,GH,bank,***8639
R01517,2026-03-07 16:47:32,TZ,tigopesa,***4978
R01518,2026-02-10 18:09:59,TZ,tigopesa,***6600
R01519,2026-03-05 11:20:47,TZ,tigopesa,***6712
R01520,2026-02-05 13:59:42,UG,mtn_momo,***4416
R01521,2026-03-30 06:25:49,TZ,mpesa,***4371
R01522,2026-01-23 19:14:29,KE,bank,***8749
R01523,2026-03-11 22:19:30,KE,mpesa,***3036
R01524,2026-03-22 20:50:31,TZ,tigopesa,***1082
R01525,2026-02-02 19:36:39,NG,bank,***3928
R01526,2026-01-14 19:26:13,TZ,mpesa,***1185
R01527,2026-01-28 22:31:12,TZ,tigopesa,***9794
R01528,2026-01-03 17:31:40,NG,bank,***5451
R01529,2026-01-01 13:36:12,GH,bank,***7108
R01530,2026-03-08 07:25:52,GH,bank,***5711
R01531,2026-02-26 07:09:24,GH,mtn_momo,***5550
R01532,2026-01-28 21:02:02,GH,mtn_momo,***6420
R01533,2026-01-25 08:44:41,GH,mtn_momo,***7551
R01534,2026-01-11 15:29:07,UG,airtel_money,***1035
R01535,2026-03-16 22:23:33,UG,airtel_money,***1403
R01536,2026-02-12 09:35:54,UG,mtn_momo,***1497
R01537,2026-03-12 18:13:51,TZ,tigopesa,***8098
R01538,2026-03-14 19:45:23,TZ,tigopesa,***1258
R01539,2026-02-23 17:46:18,TZ,tigopesa,***9875
R01540,2026-01-29 18:07:02,TZ,mpesa,***5220
R01541,2026-03-17 07:36:48,GH,mtn_momo,***9686
R01542,2026-03-13 19:23:02,TZ,mpesa,***7097
R01543,2026-03-30 21:44:54,TZ,mpesa,***9825
R01544,2026-02-22 15:33:05,TZ,tigopesa,***5428
R01545,2026-02-01 07:38:24,GH,mtn_momo,***1728
R01546,2026-01-03 18:42:35,UG,mtn_momo,***3536
R01547,2026-02-28 21:20:35,UG,mtn_momo,***5653
R01548,2026-01-21 09:08:21,UG,airtel_money,***6018
R01549,2026-03-04 18:23:13,GH,bank,***3815
R01550,2026-03-06 11:13:40,GH,bank,***2281
R01551,2026-01-04 08:59:29,GH,mtn_momo,***4110
R01552,2026-01-19 09:26:32,TZ,tigopesa,***8221
R01553,2026-01-06 19:07:44,TZ,tigopesa,***6674
R01554,2026-03-21 06:47:02,KE,bank,***7914
R01555,2026-03-18 13:17:38,KE,bank,***3965
R01556,2026-03-06 06:23:42,KE,bank,***3624
R01557,2026-03-16 22:40:55,GH,mtn_momo,***4814
R01558,2026-02-19 12:57:35,KE,mpesa,***4911
R01559,2026-02-07 08:45:35,TZ,mpesa,***7060
R01560,2026-03-04 14:36:38,TZ,tigopesa,***3826
R01561,2026-01-18 16:24:08,NG,bank,***3363
R01562,2026-02-21 06:30:27,TZ,mpesa,***4358
R01563,2026-02-20 12:04:58,GH,bank,***9848
R01564,2026-01-04 12:01:41,GH,bank,***3492
R01565,2026-01-18 11:18:24,TZ,tigopesa,***7289
R01566,2026-03-31 12:36:40,GH,bank,***1551
R01567,2026-01-07 16:55:16,UG,airtel_money,***6903
R01568,2026-02-19 19:11:04,UG,airtel_money,***5691
R01569,2026-03-27 18:56:58,TZ,tigopesa,***2720
R01570,2026-03-08 19:30:51,NG,bank,***8105
R01571,2026-01-27 20:08:00,UG,airtel_money,***1330
R01572,2026-02-12 18:33:25,UG,airtel_money,***4435
R01573,2026-01-02 10:57:57,TZ,tigopesa,***8272
R01574,2026-01-23 07:22:17,TZ,mpesa,***6365
R01575,2026-01-11 06:07:50,TZ,tigopesa,***1058
R01576,2026-03-12 15:20:38,KE,mpesa,***8434
R01577,2026-01-17 11:42:21,KE,bank,***3341
R01578,2026-01-03 22:21:41,KE,mpesa,***9251
R01579,2026-02-04 06:42:48,KE,bank,***4380
R01580,2026-02-12 21:21:57,KE,mpesa,***3852
R01581,2026-01-29 20:33:19,NG,bank,***4500
R01582,2026-01-10 19:22:56,TZ,mpesa,***6782
R01583,2026-03-28 06:31:32,NG,bank,***4894
R01584,2026-02-15 12:10:16,KE,bank,***4714
R01585,2026-02-02 09:15:06,KE,mpesa,***5153
R01586,2026-01-20 12:42:15,KE,mpesa,***9795
R01587,2026-03-31 07:47:22,KE,mpesa,***3685
R01588,2026-03-09 15:32:15,GH,bank,***4422
R01589,2026-03-19 18:16:22,GH,mtn_momo,***8622
R01590,2026-02-20 07:13:15,GH,bank,***8141
R01591,2026-03-27 13:16:23,TZ,mpesa,***7648
R01592,2026-03-24 09:57:50,TZ,tigopesa,***2741
R01593,2026-01-29 10:56:37,TZ,tigopesa,***2553
R01594,2026-03-20 20:40:40,UG,airtel_money,***4346
R01595,2026-02-12 13:07:30,UG,airtel_money,***9164
R01596,2026-02-01 22:09:50,KE,mpesa,***9106
R01597,2026-03-12 20:02:19,TZ,tigopesa,***4791
R01598,2026-02-02 13:42:11,TZ,mpesa,***7005
R01599,2026-03-09 13:42:12,TZ,mpesa,***9171
R01600,2026-02-05 07:10:10,UG,airtel_money,***9126
R01601,2026-01-27 08:18:29,UG,mtn_momo,***3524
R01602,2026-02-24 12:51:02,UG,mtn_momo,***6250
R01603,2026-02-01 11:03:49,UG,airtel_money,***1123
R01604,2026-01-09 15:31:45,GH,bank,***1102
R01605,2026-02-01 10:23:58,GH,bank,***2880
R01606,2026-03-03 18:28:31,GH,mtn_momo,***2431
R01607,2026-01-30 09:21:52,KE,mpesa,***8990
R01608,2026-01-19 17:42:56,TZ,tigopesa,***4352
R01609,2026-02-18 19:23:37,KE,mpesa,***9019
R01610,2026-03-29 10:56:36,NG,bank,***8755
R01611,2026-01-10 07:07:57,NG,bank,***4540
R01612,2026-03-08 17:19:08,NG,bank,***9557
R01613,2026-03-01 13:59:41,TZ,tigopesa,***8393
R01614,2026-02-11 10:53:06,UG,airtel_money,***4618
R01615,2026-01-16 21:31:47,UG,airtel_money,***6231
R01616,2026-02-17 20:12:55,UG,airtel_money,***5882
R01617,2026-04-17 21:32:55,GH,bank,***3903
R01618,2026-04-03 07:31:16,NG,bank,***5998
R01619,2026-04-01 15:17:49,TZ,mpesa,***2827
R01620,2026-04-28 09:45:51,UG,mtn_momo,***4293
R01621,2026-02-03 14:37:33,NG,bank,***9873
