user_id,signup_ts,residence_country,birth_year,kyc_level,kyc_verified_ts,signup_channel,phone_country
U00000,2024-04-23,US,2001,full,2024-04-27,ios_app,US
U00001,2025-06-05,DE,2002,full,2025-06-05,android_app,DE
U00002,2023-12-27,GB,1977,full,2023-12-30,ios_app,GB
U00003,2025-05-10,GB,1988,full,2025-05-12,android_app,GB
U00004,2025-02-22,US,2005,basic,2025-02-26,android_app,US
U00005,2025-08-02,GB,1983,full,2025-08-02,ios_app,GB
U00006,2023-12-21,DE,1990,full,2023-12-22,ios_app,DE
U00007,2024-10-06,GB,1968,full,2024-10-06,ios_app,GB
U00008,2024-10-13,GB,1965,full,2024-10-16,ios_app,GB
U00009,2025-08-07,DE,1972,full,2025-08-09,android_app,DE
U00010,2024-10-27,US,1968,full,2024-10-30,android_app,US
U00011,2024-09-27,GB,1991,basic,2024-09-29,ios_app,GB
U00012,2025-06-05,GB,1971,full,2025-06-07,web,GB
U00013,2025-01-19,US,1983,full,2025-01-22,android_app,US
U00014,2024-08-10,GB,1983,basic,2024-08-10,ios_app,GB
U00015,2024-12-29,DE,2004,full,2024-12-30,ios_app,DE
U00016,2025-10-01,DE,1992,basic,2025-10-05,web,DE
U00017,2023-12-01,DE,2004,basic,2023-12-03,ios_app,DE
U00018,2025-05-18,DE,1987,basic,2025-05-19,android_app,DE
U00019,2023-10-28,US,1967,full,2023-10-29,ios_app,US
U00020,2023-08-13,GB,2000,full,2023-08-16,ios_app,GB
U00021,2024-08-22,US,1967,full,2024-08-22,ios_app,US
U00022,2024-12-17,GB,2004,full,2024-12-20,android_app,GB
U00023,2024-12-06,DE,1992,full,2024-12-07,android_app,DE
U00024,2023-10-10,GB,1986,full,2023-10-13,ios_app,GB
U00025,2023-10-05,DE,1977,full,2023-10-05,android_app,DE
U00026,2023-11-30,GB,1982,full,2023-12-04,android_app,GB
U00027,2025-12-10,US,2004,full,2025-12-12,ios_app,US
U00028,2023-10-05,GB,1979,basic,2023-10-06,web,GB
U00029,2025-02-18,US,2005,full,2025-02-19,web,US
U00030,2025-06-26,GB,2005,full,2025-06-30,android_app,GB
U00031,2024-09-15,US,1988,full,2024-09-17,android_app,US
U00032,2024-03-27,GB,2002,basic,2024-03-28,android_app,GB
U00033,2024-12-05,DE,1995,full,2024-12-06,android_app,DE
U00034,2025-08-25,US,1990,full,2025-08-26,ios_app,US
U00035,2025-03-01,GB,1971,basic,2025-03-01,web,GB
U00036,2024-07-13,US,1969,full,2024-07-17,android_app,US
U00037,2024-10-22,US,1980,full,2024-10-23,ios_app,US
U00038,2024-12-21,US,1991,basic,2024-12-24,ios_app,US
U00039,2025-10-28,US,1993,full,2025-11-01,ios_app,US
U00040,2024-04-14,DE,1997,full,2024-04-18,web,DE
U00041,2024-09-13,GB,1971,basic,2024-09-13,ios_app,GB
U00042,2023-08-30,GB,1972,full,2023-08-31,android_app,GB
U00043,2025-11-18,GB,1969,basic,2025-11-21,ios_app,GB
U00044,2023-11-20,DE,1987,full,2023-11-22,android_app,DE
U00045,2024-05-16,GB,1996,basic,2024-05-18,android_app,GB
U00046,2023-10-13,DE,2000,basic,2023-10-15,ios_app,DE
U00047,2025-02-24,GB,1977,full,2025-02-27,ios_app,GB
U00048,2024-11-30,DE,1997,basic,2024-12-04,android_app,DE
U00049,2024-02-09,GB,1988,full,2024-02-11,android_app,GB
U00050,2024-11-14,GB,1992,full,2024-11-18,android_app,GB
U00051,2023-12-20,GB,1968,full,2023-12-23,android_app,GB
U00052,2025-02-17,GB,1966,full,2025-02-20,android_app,GB
U00053,2025-06-14,DE,2001,full,2025-06-15,ios_app,DE
U00054,2024-07-11,US,1969,full,2024-07-15,android_app,US
U00055,2025-08-25,US,1986,full,2025-08-26,android_app,US
U00056,2024-03-30,GB,1975,full,2024-04-03,ios_app,GB
U00057,2024-11-10,US,1996,full,2024-11-12,ios_app,US
U00058,2023-10-10,US,1970,basic,2023-10-14,ios_app,US
U00059,2025-08-28,DE,1994,full,2025-08-29,android_app,DE
U00060,2023-11-22,US,1972,full,2023-11-22,ios_app,US
U00061,2023-10-28,US,1983,full,2023-10-28,android_app,US
U00062,2023-11-27,US,1992,full,2023-11-30,android_app,US
U00063,2025-10-26,US,1998,full,2025-10-26,android_app,US
U00064,2024-06-02,US,2001,basic,2024-06-06,android_app,US
U00065,2025-07-11,US,1970,full,2025-07-14,web,US
U00066,2025-10-05,US,1996,full,2025-10-06,ios_app,US
U00067,2024-05-31,US,1989,full,2024-06-03,ios_app,US
U00068,2025-02-23,GB,1982,basic,2025-02-24,android_app,GB
U00069,2023-12-02,GB,2004,full,2023-12-04,ios_app,GB
U00070,2025-05-12,US,2002,full,2025-05-15,android_app,US
U00071,2025-08-22,DE,1970,full,2025-08-22,android_app,DE
U00072,2025-05-08,DE,1970,basic,2025-05-11,ios_app,DE
U00073,2023-07-27,GB,1986,full,2023-07-29,android_app,GB
U00074,2024-11-13,GB,2002,basic,2024-11-17,ios_app,GB
U00075,2024-02-07,GB,1971,full,2024-02-07,ios_app,GB
U00076,2025-05-16,US,1983,basic,2025-05-20,android_app,US
U00077,2023-07-21,DE,1992,full,2023-07-22,ios_app,DE
U00078,2024-12-09,GB,1966,full,2024-12-13,ios_app,GB
U00079,2025-09-04,DE,1989,basic,2025-09-06,android_app,DE
U00080,2025-05-04,GB,1986,full,2025-05-08,android_app,GB
U00081,2024-09-19,GB,2005,full,2024-09-20,android_app,GB
U00082,2025-05-11,GB,1970,basic,2025-05-13,web,GB
U00083,2023-08-04,GB,1992,basic,2023-08-08,android_app,GB
U00084,2024-08-24,GB,2002,basic,2024-08-27,android_app,GB
U00085,2025-03-17,GB,1986,full,2025-03-18,android_app,GB
U00086,2024-01-19,US,1998,full,2024-01-23,android_app,US
U00087,2024-04-02,US,2004,full,2024-04-05,ios_app,US
U00088,2024-01-25,US,1971,full,2024-01-29,ios_app,US
U00089,2024-07-09,DE,1989,full,2024-07-09,ios_app,DE
U00090,2025-01-16,DE,1988,full,2025-01-16,android_app,DE
U00091,2025-04-16,US,1997,full,2025-04-19,ios_app,US
U00092,2025-12-20,GB,1993,full,2025-12-23,android_app,GB
U00093,2025-02-27,GB,1966,full,2025-03-01,ios_app,GB
U00094,2024-01-12,US,1965,full,2024-01-15,ios_app,US
U00095,2024-10-31,US,1987,full,2024-11-02,ios_app,US
U00096,2024-12-29,US,1987,full,2025-01-01,ios_app,US
U00097,2025-11-17,US,1967,basic,2025-11-19,android_app,US
U00098,2025-12-12,GB,1973,full,2025-12-14,ios_app,GB
U00099,2025-06-29,US,2003,full,2025-07-02,android_app,US
U00100,2023-12-19,GB,1990,full,2023-12-20,android_app,GB
U00101,2024-04-28,GB,1969,full,2024-04-30,android_app,GB
U00102,2024-12-10,GB,1984,full,2024-12-14,ios_app,GB
U00103,2024-09-30,US,1997,full,2024-10-01,android_app,US
U00104,2024-02-20,GB,1994,basic,2024-02-23,android_app,GB
U00105,2025-01-10,US,1985,full,2025-01-12,android_app,US
U00106,2025-01-19,US,1982,basic,2025-01-20,ios_app,US
U00107,2025-04-06,GB,1988,full,2025-04-10,ios_app,GB
U00108,2025-05-17,GB,1988,full,2025-05-18,ios_app,GB
U00109,2023-10-23,GB,1978,full,2023-10-27,android_app,GB
U00110,2025-06-07,GB,2000,full,2025-06-09,ios_app,GB
U00111,2024-10-08,GB,1976,full,2024-10-12,ios_app,GB
U00112,2024-04-29,US,1983,full,2024-05-02,ios_app,US
U00113,2024-08-24,GB,1986,full,2024-08-27,ios_app,GB
U00114,2024-07-11,US,1998,full,2024-07-12,android_app,US
U00115,2025-10-28,GB,1979,full,2025-10-31,android_app,GB
U00116,2025-04-07,GB,1984,full,2025-04-11,ios_app,GB
U00117,2024-06-09,DE,1979,full,2024-06-10,ios_app,DE
U00118,2024-05-31,GB,1982,full,2024-06-01,ios_app,GB
U00119,2024-03-31,GB,1966,full,2024-04-01,ios_app,GB
U00120,2025-04-16,DE,1991,full,2025-04-20,android_app,DE
U00121,2024-02-08,GB,1973,full,2024-02-09,ios_app,GB
U00122,2025-01-15,GB,1983,full,2025-01-17,ios_app,GB
U00123,2025-08-24,GB,2003,full,2025-08-25,ios_app,GB
U00124,2024-12-31,GB,1971,full,2025-01-04,ios_app,GB
U00125,2025-12-09,GB,1965,full,2025-12-10,ios_app,GB
U00126,2025-08-14,US,1981,full,2025-08-16,ios_app,US
U00127,2023-12-27,DE,1973,full,2023-12-31,ios_app,DE
U00128,2023-08-01,US,1989,full,2023-08-05,web,US
U00129,2025-06-15,DE,1970,full,2025-06-15,ios_app,DE
U00130,2024-04-26,US,2002,full,2024-04-27,android_app,US
U00131,2024-06-26,US,1980,full,2024-06-28,android_app,US
U00132,2025-01-17,GB,1986,basic,2025-01-18,android_app,GB
U00133,2024-03-18,GB,1994,full,2024-03-22,ios_app,GB
U00134,2024-12-15,GB,1970,basic,2024-12-16,ios_app,GB
U00135,2025-03-27,DE,1965,full,2025-03-28,android_app,DE
U00136,2025-07-10,DE,1981,basic,2025-07-10,ios_app,DE
U00137,2024-01-22,GB,1967,full,2024-01-25,ios_app,GB
U00138,2024-02-16,GB,2003,full,2024-02-19,ios_app,GB
U00139,2024-04-06,US,1986,full,2024-04-06,ios_app,US
U00140,2025-08-10,US,1999,basic,2025-08-10,android_app,US
U00141,2025-04-22,US,2002,full,2025-04-23,ios_app,US
U00142,2023-09-24,DE,1977,full,2023-09-28,android_app,DE
U00143,2024-06-05,GB,1985,full,2024-06-08,ios_app,GB
U00144,2025-03-08,GB,2004,full,2025-03-09,android_app,GB
U00145,2025-06-23,GB,2000,full,2025-06-25,ios_app,GB
U00146,2024-07-06,GB,1977,basic,2024-07-10,ios_app,GB
U00147,2025-06-10,GB,1993,full,2025-06-10,ios_app,GB
U00148,2023-10-22,US,2002,full,2023-10-22,android_app,US
U00149,2024-07-31,GB,1981,full,2024-07-31,ios_app,GB
U00150,2025-02-16,US,1967,full,2025-02-18,android_app,US
U00151,2023-11-13,GB,1985,full,2023-11-15,android_app,GB
U00152,2025-01-16,GB,1975,full,2025-01-18,ios_app,GB
U00153,2024-10-31,DE,2005,basic,2024-11-01,ios_app,DE
U00154,2025-07-17,GB,1968,full,2025-07-18,android_app,GB
U00155,2023-08-27,US,1997,full,2023-08-28,android_app,US
U00156,2025-10-20,US,1997,full,2025-10-22,android_app,US
U00157,2025-06-29,GB,1972,full,2025-06-29,android_app,GB
U00158,2023-12-19,GB,1987,full,2023-12-20,ios_app,GB
U00159,2024-12-29,GB,1993,full,2024-12-31,android_app,GB
U00160,2023-12-15,GB,1998,full,2023-12-18,ios_app,GB
U00161,2025-09-23,GB,1989,full,2025-09-27,ios_app,GB
U00162,2024-04-09,GB,1972,full,2024-04-11,ios_app,GB
U00163,2023-09-24,GB,1971,full,2023-09-26,android_app,GB
U00164,2024-04-12,GB,1970,full,2024-04-14,android_app,GB
U00165,2023-08-01,GB,1983,full,2023-08-05,android_app,GB
U00166,2024-10-19,GB,2000,basic,2024-10-21,android_app,GB
U00167,2024-11-12,GB,1985,basic,2024-11-12,ios_app,GB
U00168,2023-11-20,GB,1973,basic,2023-11-23,ios_app,GB
U00169,2024-11-04,US,1995,basic,2024-11-05,ios_app,US
U00170,2024-02-04,US,1975,full,2024-02-06,ios_app,US
U00171,2024-02-20,DE,1986,full,2024-02-24,android_app,DE
U00172,2024-11-20,GB,1970,full,2024-11-21,web,GB
U00173,2024-07-04,GB,1982,full,2024-07-07,ios_app,GB
U00174,2025-07-01,DE,1993,basic,2025-07-01,ios_app,DE
U00175,2023-10-08,GB,1998,full,2023-10-09,ios_app,GB
U00176,2025-02-14,DE,1990,basic,2025-02-16,ios_app,DE
U00177,2024-08-03,US,1982,full,2024-08-06,web,US
U00178,2023-09-26,GB,1998,full,2023-09-29,android_app,GB
U00179,2024-01-25,DE,1984,full,2024-01-26,web,DE
U00180,2024-05-03,DE,1980,full,2024-05-06,ios_app,DE
U00181,2024-12-26,US,1968,full,2024-12-28,ios_app,US
U00182,2024-03-07,GB,1970,basic,2024-03-11,android_app,GB
U00183,2024-02-20,US,1980,basic,2024-02-24,ios_app,US
U00184,2024-12-02,GB,1977,full,2024-12-05,ios_app,GB
U00185,2025-01-23,US,1997,basic,2025-01-23,android_app,US
U00186,2025-03-25,US,1977,full,2025-03-28,ios_app,US
U00187,2025-11-22,US,2003,full,2025-11-23,android_app,US
U00188,2024-02-12,US,1971,full,2024-02-12,web,US
U00189,2025-10-12,GB,1994,basic,2025-10-13,web,GB
U00190,2024-11-16,GB,1989,full,2024-11-18,ios_app,GB
U00191,2023-08-30,GB,2001,full,2023-09-02,ios_app,GB
U00192,2023-09-13,GB,1965,basic,2023-09-16,ios_app,GB
U00193,2024-08-20,GB,1999,basic,2024-08-21,ios_app,GB
U00194,2023-08-06,DE,1982,basic,2023-08-08,ios_app,DE
U00195,2024-04-01,GB,1980,full,2024-04-05,android_app,GB
U00196,2023-11-06,GB,1978,basic,2023-11-10,ios_app,GB
U00197,2025-06-10,GB,1992,basic,2025-06-13,ios_app,GB
U00198,2024-12-06,DE,1978,full,2024-12-06,android_app,DE
U00199,2025-10-06,US,1969,full,2025-10-08,ios_app,US
U00200,2025-05-30,GB,1988,full,2025-06-02,android_app,GB
U00201,2023-12-26,GB,1973,full,2023-12-26,ios_app,GB
U00202,2025-01-23,GB,1993,full,2025-01-27,ios_app,GB
U00203,2024-01-22,GB,1993,full,2024-01-22,web,GB
U00204,2023-09-25,GB,2000,full,2023-09-29,android_app,GB
U00205,2025-03-20,GB,1994,basic,2025-03-22,android_app,GB
U00206,2024-07-05,GB,2000,full,2024-07-09,ios_app,GB
U00207,2025-03-16,DE,1983,basic,2025-03-18,ios_app,DE
U00208,2024-04-02,DE,1988,basic,2024-04-05,android_app,DE
U00209,2024-09-23,GB,2002,full,2024-09-27,ios_app,GB
U00210,2025-03-13,GB,1981,full,2025-03-17,android_app,GB
U00211,2024-06-15,US,1969,full,2024-06-16,ios_app,US
U00212,2023-07-25,US,1972,full,2023-07-27,android_app,US
U00213,2023-08-08,GB,1981,full,2023-08-10,ios_app,GB
U00214,2024-03-15,GB,1965,full,2024-03-18,android_app,GB
U00215,2025-01-17,GB,2000,basic,2025-01-20,web,GB
U00216,2023-08-15,DE,1985,full,2023-08-18,ios_app,DE
U00217,2023-11-18,US,1988,full,2023-11-19,ios_app,US
U00218,2025-06-15,US,2002,basic,2025-06-16,android_app,US
U00219,2024-01-04,GB,2003,basic,2024-01-05,ios_app,GB
U00220,2025-10-24,US,1969,full,2025-10-24,web,US
U00221,2023-08-19,DE,1991,basic,2023-08-23,web,DE
U00222,2024-06-09,GB,2000,full,2024-06-09,android_app,GB
U00223,2024-06-17,GB,1967,full,2024-06-19,ios_app,GB
U00224,2025-09-13,GB,1997,full,2025-09-16,ios_app,GB
U00225,2025-08-18,GB,1995,basic,2025-08-18,android_app,GB
U00226,2025-09-11,GB,1982,basic,2025-09-15,ios_app,GB
U00227,2024-05-10,GB,2003,full,2024-05-12,ios_app,GB
U00228,2024-12-22,US,1977,full,2024-12-24,android_app,US
U00229,2025-01-06,DE,1989,basic,2025-01-09,ios_app,DE
U00230,2025-04-19,DE,1966,full,2025-04-21,ios_app,DE
U00231,2023-08-22,GB,1978,basic,2023-08-23,ios_app,GB
U00232,2025-09-22,US,1978,basic,2025-09-26,android_app,US
U00233,2024-01-01,US,1984,full,2024-01-01,android_app,US
U00234,2023-10-16,GB,2000,full,2023-10-20,ios_app,GB
U00235,2024-09-24,US,1973,full,2024-09-27,ios_app,US
U00236,2024-09-18,DE,1994,full,2024-09-22,android_app,DE
U00237,2024-12-18,GB,1998,full,2024-12-21,android_app,GB
U00238,2024-05-24,DE,1984,full,2024-05-28,web,DE
U00239,2025-04-13,GB,1997,full,2025-04-16,web,GB
U00240,2025-09-23,DE,1966,full,2025-09-25,ios_app,DE
U00241,2024-07-02,GB,1977,full,2024-07-02,ios_app,GB
U00242,2024-05-20,GB,1977,full,2024-05-20,web,GB
U00243,2023-12-22,GB,1993,basic,2023-12-24,ios_app,GB
U00244,2024-12-31,DE,1969,full,2025-01-03,ios_app,DE
U00245,2024-05-21,US,1998,full,2024-05-22,ios_app,US
U00246,2025-02-07,GB,1995,full,2025-02-08,android_app,GB
U00247,2025-08-13,GB,1992,full,2025-08-15,android_app,GB
U00248,2023-08-24,GB,1989,full,2023-08-24,android_app,GB
U00249,2024-11-08,GB,1976,full,2024-11-12,android_app,GB
U00250,2025-10-04,US,2000,basic,2025-10-04,ios_app,US
U00251,2024-03-26,GB,2001,full,2024-03-27,android_app,GB
U00252,2023-09-29,DE,1965,basic,2023-10-01,android_app,DE
U00253,2025-02-03,GB,1981,full,2025-02-05,android_app,GB
U00254,2024-03-04,GB,1968,full,2024-03-06,android_app,GB
U00255,2023-10-31,GB,1972,full,2023-11-02,android_app,GB
U00256,2025-09-18,US,2004,full,2025-09-20,android_app,US
U00257,2024-12-24,DE,1971,full,2024-12-27,android_app,DE
U00258,2025-11-24,GB,2004,full,2025-11-24,android_app,GB
U00259,2025-08-31,GB,1978,full,2025-09-04,android_app,GB
U00260,2025-04-13,GB,1997,basic,2025-04-15,android_app,GB
U00261,2023-08-17,GB,1971,full,2023-08-17,ios_app,GB
U00262,2024-10-12,GB,1985,basic,2024-10-16,android_app,GB
U00263,2024-12-25,DE,1987,basic,2024-12-29,ios_app,DE
U00264,2024-01-14,GB,2005,basic,2024-01-18,web,GB
U00265,2024-09-24,GB,1999,full,2024-09-25,ios_app,GB
U00266,2025-12-19,DE,1968,basic,2025-12-22,android_app,DE
U00267,2025-10-09,GB,1998,full,2025-10-13,web,GB
U00268,2024-05-14,GB,1965,full,2024-05-18,android_app,GB
U00269,2023-08-19,GB,1981,full,2023-08-22,web,GB
U00270,2024-06-19,US,2000,full,2024-06-23,ios_app,US
U00271,2025-02-07,US,1990,full,2025-02-07,web,US
U00272,2025-11-28,US,1986,full,2025-12-01,web,US
U00273,2025-04-14,DE,1975,full,2025-04-15,ios_app,DE
U00274,2025-03-28,DE,1972,basic,2025-03-31,android_app,DE
U00275,2023-10-22,US,1993,basic,2023-10-25,ios_app,US
U00276,2025-01-19,GB,1967,full,2025-01-19,android_app,GB
U00277,2024-03-07,US,1993,basic,2024-03-07,android_app,US
U00278,2023-07-29,GB,1986,basic,2023-08-02,ios_app,GB
U00279,2023-09-09,GB,1981,full,2023-09-11,web,GB
U00280,2023-11-12,US,1979,basic,2023-11-13,web,US
U00281,2024-04-02,GB,1983,basic,2024-04-05,ios_app,GB
U00282,2024-06-25,GB,1990,full,2024-06-27,ios_app,GB
U00283,2024-04-20,US,1984,full,2024-04-22,ios_app,US
U00284,2023-10-11,GB,1976,basic,2023-10-15,ios_app,GB
U00285,2025-08-12,GB,1996,full,2025-08-16,ios_app,GB
U00286,2025-07-23,US,2001,full,2025-07-23,ios_app,US
U00287,2024-08-16,US,1997,basic,2024-08-20,web,US
U00288,2025-05-11,US,1997,full,2025-05-12,ios_app,US
U00289,2023-11-09,US,1975,full,2023-11-10,android_app,US
U00290,2024-04-06,GB,1967,full,2024-04-06,android_app,GB
U00291,2024-01-03,GB,1965,basic,2024-01-06,android_app,GB
U00292,2025-07-29,US,1990,full,2025-07-31,android_app,US
U00293,2025-06-05,GB,1969,full,2025-06-08,ios_app,GB
U00294,2024-03-17,GB,1990,full,2024-03-20,ios_app,GB
U00295,2023-10-24,US,1980,full,2023-10-25,ios_app,US
U00296,2025-01-18,GB,1985,full,2025-01-21,android_app,GB
U00297,2024-04-13,US,2004,full,2024-04-14,ios_app,US
U00298,2025-11-29,US,1983,full,2025-12-02,ios_app,US
U00299,2025-12-07,GB,1969,basic,2025-12-08,android_app,GB
U00300,2024-06-06,DE,1979,basic,2024-06-07,ios_app,DE
U00301,2024-06-18,DE,1977,full,2024-06-18,ios_app,DE
U00302,2025-06-22,GB,1978,full,2025-06-23,web,GB
U00303,2024-03-28,GB,1996,basic,2024-03-31,android_app,GB
U00304,2025-04-14,GB,1976,full,2025-04-15,ios_app,GB
U00305,2024-02-27,GB,1968,full,2024-03-02,android_app,GB
U00306,2024-04-03,DE,2005,full,2024-04-07,ios_app,DE
U00307,2024-05-28,GB,1996,full,2024-05-31,ios_app,GB
U00308,2023-12-31,GB,1965,full,2024-01-02,android_app,GB
U00309,2024-11-23,GB,1975,full,2024-11-26,ios_app,GB
U00310,2025-06-24,GB,1981,full,2025-06-27,ios_app,GB
U00311,2025-07-07,GB,1993,full,2025-07-08,android_app,GB
U00312,2024-01-04,DE,1999,full,2024-01-06,android_app,DE
U00313,2025-07-09,US,1972,full,2025-07-12,android_app,US
U00314,2024-05-12,GB,1992,full,2024-05-15,ios_app,GB
U00315,2025-02-25,GB,1981,full,2025-02-27,ios_app,GB
U00316,2024-11-16,DE,1992,full,2024-11-18,ios_app,DE
U00317,2023-07-31,GB,1985,full,2023-07-31,web,GB
U00318,2024-01-30,GB,1996,full,2024-02-02,android_app,GB
U00319,2024-09-26,GB,1988,full,2024-09-27,ios_app,GB
U00320,2025-08-07,GB,1977,full,2025-08-08,ios_app,GB
U00321,2025-02-27,DE,1981,full,2025-02-27,android_app,DE
U00322,2024-02-08,US,1982,basic,2024-02-10,ios_app,US
U00323,2025-09-19,GB,2005,full,2025-09-21,android_app,GB
U00324,2025-11-30,DE,1994,basic,2025-12-04,ios_app,DE
U00325,2024-08-17,GB,2005,full,2024-08-21,ios_app,GB
U00326,2024-03-09,GB,1991,full,2024-03-11,android_app,GB
U00327,2025-12-12,GB,1983,full,2025-12-15,android_app,GB
U00328,2025-05-20,GB,1992,full,2025-05-23,ios_app,GB
U00329,2024-01-12,GB,1982,basic,2024-01-13,ios_app,GB
U00330,2024-11-30,GB,2004,full,2024-12-03,android_app,GB
U00331,2023-11-24,GB,2002,full,2023-11-25,ios_app,GB
U00332,2025-12-20,GB,1996,basic,2025-12-24,ios_app,GB
U00333,2025-04-20,US,1986,full,2025-04-23,ios_app,US
U00334,2025-03-02,GB,1977,full,2025-03-06,web,GB
U00335,2024-02-19,US,2000,full,2024-02-19,android_app,US
U00336,2025-02-07,DE,1989,full,2025-02-11,android_app,DE
U00337,2025-02-09,DE,1976,basic,2025-02-10,ios_app,DE
U00338,2024-06-23,GB,1999,full,2024-06-26,ios_app,GB
U00339,2023-07-25,GB,1970,full,2023-07-28,ios_app,GB
U00340,2025-06-10,GB,1991,full,2025-06-12,ios_app,GB
U00341,2024-11-15,DE,1987,full,2024-11-17,android_app,DE
U00342,2023-08-13,GB,1974,basic,2023-08-16,ios_app,GB
U00343,2025-07-06,GB,1986,full,2025-07-07,android_app,GB
U00344,2025-07-02,GB,1969,full,2025-07-03,ios_app,GB
U00345,2024-09-03,GB,1990,basic,2024-09-05,android_app,GB
U00346,2024-05-25,US,1978,basic,2024-05-25,ios_app,US
U00347,2023-10-24,US,1974,full,2023-10-28,android_app,US
U00348,2024-02-17,GB,1999,full,2024-02-21,ios_app,GB
U00349,2025-05-02,GB,1991,full,2025-05-05,ios_app,GB
U00350,2024-06-12,GB,1980,full,2024-06-14,web,GB
U00351,2023-08-24,DE,1973,full,2023-08-27,ios_app,DE
U00352,2025-10-24,GB,1965,full,2025-10-26,ios_app,GB
U00353,2025-04-21,GB,1983,full,2025-04-22,ios_app,GB
U00354,2025-10-05,GB,2001,full,2025-10-05,android_app,GB
U00355,2024-06-11,GB,1969,full,2024-06-15,android_app,GB
U00356,2024-07-01,GB,1973,full,2024-07-03,ios_app,GB
U00357,2025-03-03,GB,2005,full,2025-03-05,ios_app,GB
U00358,2024-03-10,GB,1980,full,2024-03-13,ios_app,GB
U00359,2024-10-06,US,1997,full,2024-10-08,android_app,US
U00360,2024-11-24,US,1999,full,2024-11-25,android_app,US
U00361,2024-05-06,GB,1991,full,2024-05-09,ios_app,GB
U00362,2025-01-05,GB,1981,basic,2025-01-06,android_app,GB
U00363,2024-05-17,US,1978,full,2024-05-17,android_app,US
U00364,2024-01-18,GB,1972,full,2024-01-20,ios_app,GB
U00365,2024-11-06,GB,2005,full,2024-11-07,android_app,GB
U00366,2024-01-13,US,1975,full,2024-01-14,android_app,US
U00367,2024-03-09,GB,1968,full,2024-03-13,ios_app,GB
U00368,2024-05-16,GB,1986,full,2024-05-17,ios_app,GB
U00369,2025-05-16,GB,1982,full,2025-05-19,ios_app,GB
U00370,2025-04-02,GB,1973,basic,2025-04-06,ios_app,GB
U00371,2023-08-06,GB,1992,basic,2023-08-07,web,GB
U00372,2023-11-29,DE,1972,full,2023-12-02,ios_app,DE
U00373,2025-01-24,US,1975,full,2025-01-27,android_app,US
U00374,2024-04-09,GB,1974,full,2024-04-13,ios_app,GB
U00375,2024-04-06,GB,1987,basic,2024-04-10,ios_app,GB
U00376,2023-11-30,GB,2005,basic,2023-12-02,ios_app,GB
U00377,2025-11-11,US,1972,full,2025-11-11,ios_app,US
U00378,2023-12-30,US,1971,full,2024-01-01,android_app,US
U00379,2025-06-26,US,1991,basic,2025-06-27,android_app,US
U00380,2024-06-11,GB,1984,full,2024-06-14,ios_app,GB
U00381,2024-11-05,GB,1970,full,2024-11-07,ios_app,GB
U00382,2023-10-08,GB,1975,basic,2023-10-08,ios_app,GB
U00383,2024-01-26,GB,1989,full,2024-01-28,ios_app,GB
U00384,2023-11-25,GB,1985,full,2023-11-28,android_app,GB
U00385,2023-08-10,GB,1993,full,2023-08-12,ios_app,GB
U00386,2025-02-10,DE,1967,basic,2025-02-13,android_app,DE
U00387,2024-05-12,GB,1976,full,2024-05-16,android_app,GB
U00388,2023-10-01,GB,2001,basic,2023-10-03,android_app,GB
U00389,2025-01-06,DE,1972,full,2025-01-10,ios_app,DE
U00390,2024-02-18,GB,1983,basic,2024-02-19,ios_app,GB
U00391,2023-08-21,GB,1973,basic,2023-08-22,ios_app,GB
U00392,2025-07-02,GB,2001,full,2025-07-02,android_app,GB
U00393,2025-01-27,US,2002,full,2025-01-28,web,US
U00394,2025-09-10,US,1979,full,2025-09-13,ios_app,US
U00395,2023-09-05,GB,1973,full,2023-09-09,ios_app,GB
U00396,2024-04-07,US,1977,full,2024-04-07,ios_app,US
U00397,2025-02-21,GB,1973,full,2025-02-22,ios_app,GB
U00398,2024-10-05,GB,2004,basic,2024-10-09,android_app,GB
U00399,2025-04-04,GB,2001,full,2025-04-08,ios_app,GB
U00400,2024-11-29,US,1987,full,2024-11-30,ios_app,US
U00401,2025-03-24,GB,2005,basic,2025-03-25,web,GB
U00402,2023-12-14,DE,1979,full,2023-12-17,ios_app,DE
U00403,2024-10-12,GB,1989,full,2024-10-16,android_app,GB
U00404,2024-09-27,DE,1977,full,2024-09-27,android_app,DE
U00405,2025-09-12,US,1976,full,2025-09-16,android_app,US
U00406,2025-01-08,DE,1976,full,2025-01-08,ios_app,DE
U00407,2025-06-15,GB,1991,full,2025-06-18,ios_app,GB
U00408,2025-01-07,DE,1975,full,2025-01-08,android_app,DE
U00409,2023-12-13,US,1997,full,2023-12-14,android_app,US
U00410,2025-06-18,GB,1998,full,2025-06-19,android_app,GB
U00411,2024-10-31,GB,1975,full,2024-11-03,ios_app,GB
U00412,2025-12-03,GB,1989,full,2025-12-07,web,GB
U00413,2025-09-15,DE,1965,full,2025-09-15,android_app,DE
U00414,2023-11-21,GB,1998,full,2023-11-23,android_app,GB
U00415,2024-03-28,GB,1979,full,2024-03-28,android_app,GB
U00416,2025-09-17,DE,1976,full,2025-09-18,ios_app,DE
U00417,2023-11-06,GB,1998,basic,2023-11-07,ios_app,GB
U00418,2025-01-18,GB,1969,full,2025-01-21,android_app,GB
U00419,2024-12-08,GB,1993,full,2024-12-09,ios_app,GB
U00420,2024-02-16,US,1982,full,2024-02-18,ios_app,US
U00421,2023-10-16,GB,1967,basic,2023-10-19,web,GB
U00422,2024-04-26,GB,1975,full,2024-04-28,android_app,GB
U00423,2023-12-28,DE,1983,full,2023-12-28,android_app,DE
U00424,2024-04-06,DE,1991,full,2024-04-06,android_app,DE
U00425,2025-01-11,US,1978,full,2025-01-15,android_app,US
U00426,2023-11-07,DE,1967,full,2023-11-08,android_app,DE
U00427,2024-11-05,GB,1997,full,2024-11-07,ios_app,GB
U00428,2025-05-05,GB,1985,full,2025-05-08,android_app,GB
U00429,2025-04-26,GB,1969,full,2025-04-27,android_app,GB
U00430,2025-03-21,DE,2001,full,2025-03-22,android_app,DE
U00431,2024-02-28,GB,1987,full,2024-03-02,ios_app,GB
U00432,2025-07-19,DE,1970,basic,2025-07-23,ios_app,DE
U00433,2024-02-11,US,1982,basic,2024-02-13,android_app,US
U00434,2024-03-30,US,1970,full,2024-03-30,web,US
U00435,2024-01-10,DE,1995,full,2024-01-12,ios_app,DE
U00436,2025-01-31,GB,1985,basic,2025-02-02,ios_app,GB
U00437,2025-07-31,GB,1997,full,2025-08-02,android_app,GB
U00438,2025-01-08,DE,2001,full,2025-01-08,ios_app,DE
U00439,2023-10-16,US,1971,full,2023-10-17,web,US
U00440,2024-02-10,US,1985,full,2024-02-11,android_app,US
U00441,2025-03-20,GB,1999,basic,2025-03-21,ios_app,GB
U00442,2024-05-14,DE,1965,full,2024-05-17,android_app,DE
U00443,2024-07-29,US,1974,basic,2024-07-30,android_app,US
U00444,2024-02-23,GB,1967,basic,2024-02-27,web,GB
U00445,2024-10-10,US,1982,full,2024-10-12,android_app,US
U00446,2024-03-17,US,1978,basic,2024-03-19,android_app,US
U00447,2025-06-27,US,1971,basic,2025-06-30,web,US
U00448,2025-11-28,GB,2002,full,2025-11-30,android_app,GB
U00449,2024-08-22,US,1975,basic,2024-08-25,android_app,US
U00450,2024-02-12,GB,1968,basic,2024-02-15,ios_app,GB
U00451,2024-10-21,US,1983,basic,2024-10-21,web,US
U00452,2024-06-11,GB,1985,basic,2024-06-12,ios_app,GB
U00453,2025-06-20,US,1990,full,2025-06-20,web,US
U00454,2024-12-02,US,1979,basic,2024-12-02,ios_app,US
U00455,2025-07-13,DE,1989,full,2025-07-13,android_app,DE
U00456,2025-08-31,GB,1967,full,2025-08-31,ios_app,GB
U00457,2024-05-02,DE,1977,full,2024-05-03,ios_app,DE
U00458,2025-08-04,US,1968,basic,2025-08-04,android_app,US
U00459,2024-02-09,US,1982,full,2024-02-12,ios_app,US
U00460,2023-08-19,US,1969,full,2023-08-21,ios_app,US
U00461,2024-11-19,GB,1997,full,2024-11-22,ios_app,GB
U00462,2025-05-19,GB,1973,full,2025-05-20,web,GB
U00463,2024-07-24,GB,1978,full,2024-07-28,ios_app,GB
U00464,2023-11-12,US,1998,full,2023-11-14,android_app,US
U00465,2025-04-09,DE,2000,full,2025-04-09,ios_app,DE
U00466,2024-04-22,US,1996,basic,2024-04-24,android_app,US
U00467,2024-02-28,GB,1982,full,2024-03-01,ios_app,GB
U00468,2024-03-02,GB,2005,full,2024-03-02,ios_app,GB
U00469,2024-10-02,GB,1986,full,2024-10-06,android_app,GB
U00470,2025-02-08,US,1988,full,2025-02-09,ios_app,US
U00471,2024-03-08,GB,1965,full,2024-03-10,ios_app,GB
U00472,2025-07-03,GB,1968,basic,2025-07-03,android_app,GB
U00473,2023-11-21,US,1996,basic,2023-11-23,ios_app,US
U00474,2024-05-06,DE,1985,full,2024-05-10,ios_app,DE
U00475,2025-01-23,US,1975,full,2025-01-25,ios_app,US
U00476,2025-11-02,US,1978,full,2025-11-06,android_app,US
U00477,2025-05-05,GB,1993,full,2025-05-07,android_app,GB
U00478,2025-01-29,US,1978,full,2025-01-31,web,US
U00479,2025-01-13,DE,1980,full,2025-01-16,android_app,DE
U00480,2024-10-03,US,1970,full,2024-10-04,ios_app,US
U00481,2024-01-10,GB,2005,full,2024-01-12,ios_app,GB
U00482,2025-03-04,DE,1979,full,2025-03-08,ios_app,DE
U00483,2024-02-22,GB,2004,basic,2024-02-22,android_app,GB
U00484,2024-07-08,US,2002,full,2024-07-08,ios_app,US
U00485,2023-09-10,DE,1986,basic,2023-09-14,android_app,DE
U00486,2025-11-21,US,1993,full,2025-11-24,android_app,US
U00487,2024-09-01,GB,1976,full,2024-09-05,ios_app,GB
U00488,2023-08-08,US,1976,basic,2023-08-11,android_app,US
U00489,2025-06-30,GB,1994,basic,2025-07-01,ios_app,GB
U00490,2025-02-14,US,1965,full,2025-02-17,ios_app,US
U00491,2024-07-04,GB,1988,full,2024-07-08,android_app,GB
U00492,2025-06-02,GB,1996,full,2025-06-03,ios_app,GB
U00493,2025-07-24,DE,1969,full,2025-07-28,ios_app,DE
U00494,2023-10-30,DE,2005,full,2023-11-03,android_app,DE
U00495,2025-06-05,US,1989,full,2025-06-07,ios_app,US
U00496,2025-07-12,GB,1967,full,2025-07-16,ios_app,GB
U00497,2023-08-27,US,1979,full,2023-08-30,android_app,US
U00498,2025-08-03,GB,1992,full,2025-08-03,ios_app,GB
U00499,2024-03-09,DE,1991,full,2024-03-13,android_app,DE
U00500,2025-03-05,GB,2003,full,2025-03-08,ios_app,GB
U00501,2023-10-18,DE,1982,full,2023-10-18,ios_app,DE
U00502,2025-01-20,GB,1996,basic,2025-01-23,ios_app,GB
U00503,2025-01-16,DE,1974,full,2025-01-16,android_app,DE
U00504,2023-09-13,US,1993,full,2023-09-13,android_app,US
U00505,2025-12-02,US,2000,full,2025-12-05,ios_app,US
U00506,2024-09-03,GB,1996,full,2024-09-07,ios_app,GB
U00507,2025-05-03,GB,1996,full,2025-05-03,ios_app,GB
U00508,2023-12-25,US,1968,full,2023-12-26,android_app,US
U00509,2025-09-25,US,1990,full,2025-09-26,android_app,US
U00510,2025-08-12,GB,2000,full,2025-08-16,ios_app,GB
U00511,2023-09-06,DE,1966,full,2023-09-06,ios_app,DE
U00512,2024-08-18,GB,1991,basic,2024-08-19,ios_app,GB
U00513,2025-06-07,US,1984,full,2025-06-08,ios_app,US
U00514,2025-04-01,GB,2003,full,2025-04-03,android_app,GB
U00515,2024-05-23,US,1965,basic,2024-05-24,ios_app,US
U00516,2023-07-23,GB,1965,full,2023-07-27,ios_app,GB
U00517,2024-06-13,GB,1993,full,2024-06-16,ios_app,GB
U00518,2024-01-14,DE,2003,full,2024-01-18,android_app,DE
U00519,2023-12-18,GB,1988,basic,2023-12-21,android_app,GB
U00520,2024-03-08,GB,1965,full,2024-03-09,android_app,GB
U00521,2025-02-20,US,1977,full,2025-02-24,android_app,US
U00522,2023-10-12,US,2003,full,2023-10-14,ios_app,US
U00523,2025-11-14,GB,1995,basic,2025-11-15,android_app,GB
U00524,2024-11-19,GB,1972,full,2024-11-22,ios_app,GB
U00525,2025-06-07,DE,1997,full,2025-06-10,ios_app,DE
U00526,2023-07-22,GB,2005,full,2023-07-26,android_app,GB
U00527,2025-10-21,GB,2001,full,2025-10-24,ios_app,GB
U00528,2025-08-28,GB,1977,full,2025-08-31,android_app,GB
U00529,2023-10-21,US,1982,full,2023-10-21,android_app,US
U00530,2025-04-12,DE,1983,full,2025-04-13,web,DE
U00531,2023-09-14,GB,2004,full,2023-09-17,ios_app,GB
U00532,2024-08-03,GB,1976,basic,2024-08-07,android_app,GB
U00533,2024-02-09,US,1972,basic,2024-02-09,android_app,US
U00534,2023-12-14,DE,1984,basic,2023-12-18,web,DE
U00535,2024-07-11,DE,1995,full,2024-07-15,ios_app,DE
U00536,2023-11-01,DE,1997,full,2023-11-01,ios_app,DE
U00537,2025-01-08,GB,1985,full,2025-01-12,ios_app,GB
U00538,2025-03-07,DE,1980,full,2025-03-08,ios_app,DE
U00539,2024-08-05,GB,1968,full,2024-08-06,android_app,GB
U00540,2025-11-09,GB,1996,basic,2025-11-09,android_app,GB
U00541,2024-11-22,GB,2005,full,2024-11-24,android_app,GB
U00542,2023-10-15,DE,1997,basic,2023-10-18,android_app,DE
U00543,2023-12-12,US,1969,full,2023-12-12,android_app,US
U00544,2025-06-18,US,1998,basic,2025-06-22,android_app,US
U00545,2023-12-12,US,1987,full,2023-12-16,web,US
U00546,2025-05-05,DE,1998,full,2025-05-07,ios_app,DE
U00547,2024-09-08,US,1983,basic,2024-09-12,android_app,US
U00548,2024-02-14,US,1966,full,2024-02-18,ios_app,US
U00549,2024-10-22,GB,1972,full,2024-10-25,android_app,GB
U00550,2025-02-23,GB,1989,full,2025-02-26,android_app,GB
U00551,2024-01-05,US,1976,basic,2024-01-06,android_app,US
U00552,2025-11-28,DE,1991,full,2025-11-30,android_app,DE
U00553,2024-04-03,GB,1997,full,2024-04-04,ios_app,GB
U00554,2023-11-19,GB,1985,basic,2023-11-21,ios_app,GB
U00555,2025-01-06,US,1973,full,2025-01-10,android_app,US
U00556,2025-06-24,US,1975,full,2025-06-27,web,US
U00557,2023-12-02,GB,1976,full,2023-12-02,android_app,GB
U00558,2023-10-30,US,1998,full,2023-11-03,ios_app,US
U00559,2023-10-09,GB,1990,basic,2023-10-12,android_app,GB
U00560,2024-03-07,GB,1994,full,2024-03-11,web,GB
U00561,2024-12-10,US,1979,basic,2024-12-13,ios_app,US
U00562,2025-03-07,US,2003,full,2025-03-09,ios_app,US
U00563,2023-10-02,DE,1981,full,2023-10-06,ios_app,DE
U00564,2024-03-15,US,1975,full,2024-03-15,android_app,US
U00565,2024-04-14,GB,1996,basic,2024-04-14,android_app,GB
U00566,2023-10-27,GB,1968,basic,2023-10-30,android_app,GB
U00567,2024-09-16,DE,2003,full,2024-09-20,android_app,DE
U00568,2025-03-01,GB,1970,full,2025-03-04,android_app,GB
U00569,2025-06-02,GB,1968,basic,2025-06-06,ios_app,GB
U00570,2025-06-26,GB,2000,full,2025-06-26,ios_app,GB
U00571,2024-06-09,GB,1994,full,2024-06-13,android_app,GB
U00572,2025-05-30,DE,1987,basic,2025-05-31,ios_app,DE
U00573,2024-06-28,GB,1987,full,2024-06-30,web,GB
U00574,2024-11-03,US,1982,full,2024-11-03,android_app,US
U00575,2023-11-18,US,1996,full,2023-11-22,ios_app,US
U00576,2023-07-21,GB,1991,full,2023-07-21,ios_app,GB
U00577,2024-12-11,GB,1967,basic,2024-12-11,android_app,GB
U00578,2024-10-11,GB,1983,full,2024-10-15,android_app,GB
U00579,2024-06-13,US,1994,basic,2024-06-17,ios_app,US
U00580,2023-08-06,DE,1984,full,2023-08-08,ios_app,DE
U00581,2025-07-11,DE,1993,full,2025-07-13,web,DE
U00582,2024-04-10,GB,2004,full,2024-04-12,ios_app,GB
U00583,2025-05-16,GB,1991,full,2025-05-18,ios_app,GB
U00584,2024-08-11,GB,1971,full,2024-08-14,ios_app,GB
U00585,2024-01-27,US,1981,basic,2024-01-30,ios_app,US
U00586,2024-10-28,DE,1978,full,2024-10-29,ios_app,DE
U00587,2024-10-10,GB,1994,full,2024-10-11,ios_app,GB
U00588,2024-04-07,GB,1987,full,2024-04-09,ios_app,GB
U00589,2025-11-23,DE,1970,full,2025-11-23,ios_app,DE
U00590,2025-11-27,US,1978,full,2025-11-29,web,US
U00591,2024-09-19,GB,1983,basic,2024-09-19,android_app,GB
U00592,2023-08-23,GB,1969,full,2023-08-27,android_app,GB
U00593,2023-12-02,GB,1990,full,2023-12-04,ios_app,GB
U00594,2024-10-24,DE,1983,basic,2024-10-26,web,DE
U00595,2023-10-27,US,1985,basic,2023-10-28,android_app,US
U00596,2025-09-29,US,2001,full,2025-10-03,ios_app,US
U00597,2023-10-04,US,2005,full,2023-10-04,ios_app,US
U00598,2024-02-17,GB,1969,full,2024-02-19,android_app,GB
U00599,2025-03-22,GB,1971,full,2025-03-22,android_app,GB
U00600,2023-10-26,US,1994,full,2023-10-27,android_app,US
U00601,2024-08-18,GB,1975,full,2024-08-19,ios_app,GB
U00602,2024-03-27,GB,1975,full,2024-03-27,android_app,GB
U00603,2023-12-11,GB,1991,full,2023-12-12,android_app,GB
U00604,2025-07-26,GB,2000,full,2025-07-30,android_app,GB
U00605,2023-08-03,DE,1966,full,2023-08-05,android_app,DE
U00606,2024-02-21,GB,1984,full,2024-02-25,android_app,GB
U00607,2025-11-01,US,1999,full,2025-11-05,ios_app,US
U00608,2024-01-29,DE,1981,full,2024-01-30,ios_app,DE
U00609,2024-12-12,GB,1967,full,2024-12-13,ios_app,GB
U00610,2025-04-17,US,2004,basic,2025-04-18,ios_app,US
U00611,2025-11-04,DE,2005,full,2025-11-04,ios_app,DE
U00612,2024-09-07,GB,1975,full,2024-09-07,android_app,GB
U00613,2025-12-06,US,1972,basic,2025-12-07,android_app,US
U00614,2025-01-11,US,1978,full,2025-01-12,web,US
U00615,2024-11-05,GB,1969,full,2024-11-09,android_app,GB
U00616,2023-09-03,GB,1992,full,2023-09-07,ios_app,GB
U00617,2024-03-16,GB,1968,full,2024-03-20,android_app,GB
U00618,2025-09-12,DE,1988,basic,2025-09-13,android_app,DE
U00619,2024-02-18,GB,1966,full,2024-02-22,ios_app,GB
U00620,2025-09-10,GB,1974,full,2025-09-11,ios_app,GB
U00621,2023-12-28,GB,1975,full,2023-12-31,ios_app,GB
U00622,2025-08-10,US,2002,full,2025-08-11,ios_app,US
U00623,2024-01-29,GB,1989,full,2024-01-31,ios_app,GB
U00624,2025-09-11,GB,1981,full,2025-09-12,ios_app,GB
U00625,2025-04-27,GB,1969,full,2025-04-27,ios_app,GB
U00626,2024-10-30,US,1991,full,2024-11-03,android_app,US
U00627,2025-02-23,GB,1974,full,2025-02-26,ios_app,GB
U00628,2024-08-16,GB,1990,basic,2024-08-16,ios_app,GB
U00629,2024-09-05,GB,1981,full,2024-09-08,web,GB
U00630,2024-04-01,GB,1970,full,2024-04-05,ios_app,GB
U00631,2024-11-25,US,1970,full,2024-11-28,android_app,US
U00632,2024-09-01,US,1992,full,2024-09-01,web,US
U00633,2023-09-02,DE,1966,full,2023-09-02,android_app,DE
U00634,2025-04-21,GB,1989,basic,2025-04-23,ios_app,GB
U00635,2025-06-24,GB,2001,basic,2025-06-26,android_app,GB
U00636,2024-05-03,GB,1980,full,2024-05-05,ios_app,GB
U00637,2024-08-11,GB,1965,basic,2024-08-14,ios_app,GB
U00638,2024-10-27,US,1985,full,2024-10-28,android_app,US
U00639,2024-08-12,GB,1998,full,2024-08-13,android_app,GB
U00640,2025-09-22,GB,1979,basic,2025-09-23,android_app,GB
U00641,2024-04-13,GB,1994,full,2024-04-17,ios_app,GB
U00642,2023-10-07,DE,1977,full,2023-10-07,ios_app,DE
U00643,2025-10-17,GB,1972,full,2025-10-21,android_app,GB
U00644,2025-10-27,GB,1982,full,2025-10-31,android_app,GB
U00645,2023-07-21,GB,1980,full,2023-07-22,ios_app,GB
U00646,2025-08-29,US,1992,full,2025-08-29,ios_app,US
U00647,2024-03-30,GB,1991,basic,2024-04-01,ios_app,GB
U00648,2024-03-21,GB,1998,basic,2024-03-22,web,GB
U00649,2024-10-03,US,1996,full,2024-10-07,android_app,US
U00650,2025-06-19,US,1989,full,2025-06-22,ios_app,US
U00651,2025-02-05,GB,2003,full,2025-02-06,android_app,GB
U00652,2025-10-01,GB,1998,basic,2025-10-03,android_app,GB
U00653,2023-09-16,US,1978,full,2023-09-18,ios_app,US
U00654,2024-09-12,GB,1986,full,2024-09-12,android_app,GB
U00655,2024-12-30,GB,2003,full,2025-01-03,ios_app,GB
U00656,2023-11-12,US,1986,full,2023-11-13,web,US
U00657,2024-03-06,GB,1969,full,2024-03-10,ios_app,GB
U00658,2024-07-12,GB,1979,full,2024-07-15,ios_app,GB
U00659,2024-09-12,US,1979,full,2024-09-14,ios_app,US
U00660,2024-09-28,DE,2001,basic,2024-10-02,ios_app,DE
U00661,2024-10-24,GB,1992,full,2024-10-24,ios_app,GB
U00662,2024-02-16,US,1991,full,2024-02-20,web,US
U00663,2025-06-15,GB,1973,full,2025-06-16,android_app,GB
U00664,2025-08-24,GB,1969,full,2025-08-24,android_app,GB
U00665,2024-03-18,GB,1991,basic,2024-03-19,android_app,GB
U00666,2025-05-30,US,1983,full,2025-06-02,android_app,US
U00667,2025-06-26,US,1981,full,2025-06-30,ios_app,US
U00668,2023-10-27,DE,1981,full,2023-10-31,android_app,DE
U00669,2023-08-27,US,1998,full,2023-08-27,ios_app,US
U00670,2024-02-17,GB,1980,full,2024-02-18,android_app,GB
U00671,2024-06-03,GB,1970,full,2024-06-04,ios_app,GB
U00672,2024-07-09,DE,1982,full,2024-07-10,ios_app,DE
U00673,2024-09-20,GB,1989,full,2024-09-22,ios_app,GB
U00674,2023-09-14,GB,1982,basic,2023-09-17,ios_app,GB
U00675,2024-11-19,US,1993,full,2024-11-19,android_app,US
U00676,2023-09-13,GB,1999,full,2023-09-17,ios_app,GB
U00677,2025-11-15,US,1988,full,2025-11-17,web,US
U00678,2024-09-20,US,1987,full,2024-09-21,ios_app,US
U00679,2024-12-05,GB,1986,full,2024-12-07,android_app,GB
U00680,2024-10-07,GB,2005,full,2024-10-09,android_app,GB
U00681,2025-06-03,GB,1999,full,2025-06-03,android_app,GB
U00682,2023-09-28,DE,1970,full,2023-09-28,ios_app,DE
U00683,2024-01-13,GB,1973,full,2024-01-16,ios_app,GB
U00684,2024-02-15,US,1971,full,2024-02-15,web,US
U00685,2024-11-28,US,1991,full,2024-11-30,ios_app,US
U00686,2025-10-15,US,1974,full,2025-10-17,android_app,US
U00687,2024-02-23,GB,1994,full,2024-02-24,web,GB
U00688,2025-04-30,GB,1965,basic,2025-05-04,ios_app,GB
U00689,2023-09-14,GB,1994,full,2023-09-14,ios_app,GB
U00690,2025-03-28,US,1993,full,2025-03-28,ios_app,US
U00691,2024-03-11,GB,2001,basic,2024-03-12,android_app,GB
U00692,2025-04-27,GB,1976,full,2025-05-01,ios_app,GB
U00693,2025-02-03,US,1966,basic,2025-02-05,ios_app,US
U00694,2023-11-16,US,1976,full,2023-11-20,android_app,US
U00695,2024-01-11,DE,1965,basic,2024-01-11,web,DE
U00696,2025-03-02,GB,1971,full,2025-03-04,android_app,GB
U00697,2024-03-13,GB,1982,full,2024-03-13,ios_app,GB
U00698,2023-09-28,GB,1991,full,2023-09-30,android_app,GB
U00699,2025-10-07,GB,1984,full,2025-10-11,android_app,GB
U00700,2025-02-09,GB,1992,basic,2025-02-12,android_app,GB
U00701,2025-05-07,GB,2004,full,2025-05-08,ios_app,GB
U00702,2023-11-07,GB,2002,basic,2023-11-10,android_app,GB
U00703,2025-05-22,GB,1990,full,2025-05-23,ios_app,GB
U00704,2024-09-07,DE,1998,full,2024-09-09,ios_app,DE
U00705,2025-06-05,US,2001,basic,2025-06-09,ios_app,US
U00706,2024-01-10,GB,1970,full,2024-01-13,android_app,GB
U00707,2024-10-01,GB,1982,basic,2024-10-01,ios_app,GB
U00708,2025-08-28,GB,2003,full,2025-08-28,android_app,GB
U00709,2025-08-21,DE,1976,full,2025-08-24,ios_app,DE
U00710,2025-03-03,GB,1977,full,2025-03-04,ios_app,GB
U00711,2024-01-08,DE,1971,full,2024-01-11,ios_app,DE
U00712,2024-04-22,GB,1974,full,2024-04-23,android_app,GB
U00713,2024-01-10,US,2002,full,2024-01-14,android_app,US
U00714,2025-07-28,GB,1991,basic,2025-07-30,android_app,GB
U00715,2023-08-16,GB,1966,full,2023-08-19,ios_app,GB
U00716,2025-08-15,US,1982,full,2025-08-18,android_app,US
U00717,2023-10-26,GB,1979,full,2023-10-28,ios_app,GB
U00718,2023-12-12,GB,1979,basic,2023-12-14,android_app,GB
U00719,2025-05-25,DE,1987,full,2025-05-27,android_app,DE
U00720,2023-09-19,US,1991,basic,2023-09-20,ios_app,US
U00721,2023-11-09,GB,1973,full,2023-11-11,android_app,GB
U00722,2023-09-13,GB,2003,full,2023-09-15,ios_app,GB
U00723,2023-12-02,GB,1979,full,2023-12-02,ios_app,GB
U00724,2023-10-03,GB,1978,basic,2023-10-06,ios_app,GB
U00725,2024-10-27,DE,1973,full,2024-10-27,android_app,DE
U00726,2025-04-14,GB,1996,full,2025-04-14,android_app,GB
U00727,2024-11-03,US,1997,full,2024-11-04,ios_app,US
U00728,2025-10-06,GB,1984,full,2025-10-10,ios_app,GB
U00729,2024-12-11,GB,1999,full,2024-12-15,ios_app,GB
U00730,2024-07-29,GB,1991,basic,2024-07-29,android_app,GB
U00731,2024-12-31,GB,1984,full,2025-01-03,ios_app,GB
U00732,2025-12-18,GB,1987,full,2025-12-19,android_app,GB
U00733,2023-12-23,GB,1980,full,2023-12-27,ios_app,GB
U00734,2025-04-29,GB,1985,full,2025-05-03,ios_app,GB
U00735,2025-03-12,DE,1998,full,2025-03-14,ios_app,DE
U00736,2025-10-09,GB,1972,full,2025-10-11,ios_app,GB
U00737,2024-08-18,GB,1967,basic,2024-08-20,ios_app,GB
U00738,2024-12-15,US,1977,basic,2024-12-17,ios_app,US
U00739,2025-02-04,US,1987,full,2025-02-04,ios_app,US
U00740,2024-11-29,US,1996,basic,2024-12-01,web,US
U00741,2024-02-18,US,1972,full,2024-02-21,ios_app,US
U00742,2024-03-19,US,1998,basic,2024-03-19,ios_app,US
U00743,2025-09-13,US,1989,full,2025-09-14,android_app,US
U00744,2024-07-07,DE,1989,full,2024-07-10,ios_app,DE
U00745,2023-08-29,US,1999,full,2023-08-29,ios_app,US
U00746,2024-06-12,US,1978,full,2024-06-12,web,US
U00747,2024-04-27,DE,1994,full,2024-04-29,ios_app,DE
U00748,2025-06-10,GB,1994,full,2025-06-14,android_app,GB
U00749,2024-02-27,US,1992,full,2024-03-01,ios_app,US
U00750,2025-10-13,DE,1980,full,2025-10-17,android_app,DE
U00751,2024-01-11,US,1995,full,2024-01-15,android_app,US
U00752,2025-11-16,GB,1995,full,2025-11-20,ios_app,GB
U00753,2024-06-10,GB,1970,full,2024-06-12,android_app,GB
U00754,2025-08-22,GB,1986,full,2025-08-26,ios_app,GB
U00755,2025-09-29,GB,1975,full,2025-10-01,ios_app,GB
U00756,2024-08-06,DE,1976,full,2024-08-09,ios_app,DE
U00757,2024-04-02,DE,1983,full,2024-04-06,ios_app,DE
U00758,2023-09-07,US,1992,full,2023-09-08,ios_app,US
U00759,2025-06-26,US,1975,basic,2025-06-27,ios_app,US
U00760,2024-08-19,US,1986,full,2024-08-19,ios_app,US
U00761,2024-01-04,DE,1985,full,2024-01-08,android_app,DE
U00762,2024-03-26,GB,1975,full,2024-03-27,ios_app,GB
U00763,2024-12-14,US,1984,full,2024-12-17,android_app,US
U00764,2024-09-05,GB,1996,full,2024-09-08,web,GB
U00765,2025-05-03,US,1966,basic,2025-05-06,ios_app,US
U00766,2024-02-22,DE,2003,full,2024-02-26,ios_app,DE
U00767,2024-06-10,GB,1977,full,2024-06-13,android_app,GB
U00768,2024-02-07,DE,1970,full,2024-02-07,ios_app,DE
U00769,2025-01-22,GB,1997,full,2025-01-24,android_app,GB
U00770,2023-11-05,GB,1967,full,2023-11-05,android_app,GB
U00771,2024-08-14,GB,1966,full,2024-08-18,android_app,GB
U00772,2024-02-07,GB,1996,basic,2024-02-11,android_app,GB
U00773,2025-08-22,US,1994,full,2025-08-23,ios_app,US
U00774,2023-12-31,US,1996,basic,2024-01-02,android_app,US
U00775,2024-09-02,GB,1978,full,2024-09-04,ios_app,GB
U00776,2023-11-30,DE,1968,full,2023-12-02,ios_app,DE
U00777,2024-06-20,GB,1989,basic,2024-06-24,ios_app,GB
U00778,2024-03-29,DE,2004,full,2024-04-01,android_app,DE
U00779,2024-12-22,US,1976,full,2024-12-22,ios_app,US
U00780,2025-07-10,US,1974,basic,2025-07-12,web,US
U00781,2025-08-22,GB,1977,basic,2025-08-26,ios_app,GB
U00782,2024-09-10,GB,2005,basic,2024-09-11,ios_app,GB
U00783,2023-11-17,DE,1980,full,2023-11-20,android_app,DE
U00784,2025-05-07,GB,1981,basic,2025-05-08,android_app,GB
U00785,2024-04-25,GB,1967,full,2024-04-25,ios_app,GB
U00786,2025-09-17,GB,1966,full,2025-09-21,android_app,GB
U00787,2024-12-30,GB,2004,full,2024-12-31,ios_app,GB
U00788,2024-06-05,GB,1985,full,2024-06-07,ios_app,GB
U00789,2024-03-16,GB,1993,full,2024-03-18,android_app,GB
U00790,2025-05-30,GB,1982,full,2025-05-30,ios_app,GB
U00791,2023-12-15,US,1994,full,2023-12-19,ios_app,US
U00792,2024-05-03,US,1977,basic,2024-05-04,android_app,US
U00793,2025-10-14,DE,1970,full,2025-10-18,ios_app,DE
U00794,2025-04-14,DE,1992,full,2025-04-15,android_app,DE
U00795,2024-04-19,US,2001,full,2024-04-19,ios_app,US
U00796,2025-07-26,DE,2005,full,2025-07-29,ios_app,DE
U00797,2025-08-06,GB,1979,basic,2025-08-07,ios_app,GB
U00798,2024-12-16,US,1997,basic,2024-12-17,ios_app,US
U00799,2025-03-22,GB,1974,full,2025-03-25,android_app,GB
